Id,Date,RatingSymbol
1,30-May-00,CCC
1,31-Dec-00,B
2,21-May-03,B
3,30-Dec-99,BB
3,30-Oct-00,B
3,30-Dec-01,BB
4,30-Dec-01,BB
4,30-May-02,B
5,24-May-00,AA
5,30-May-01,A
5,30-Oct-01,AA
6,30-Dec-99,BBB
6,30-Dec-01,BBB
7,30-Dec-02,BBB
7,23-Jun-03,BB
7,30-Dec-03,B
7,21-May-04,BB
8,30-Dec-02,A
9,21-May-00,AA
9,30-Dec-00,NR
10,30-Dec-04,BB
11,30-Dec-99,B
11,30-Dec-01,CCC
11,21-May-02,D
11,30-Sep-02,NR
12,30-Dec-00,AA
13,30-Dec-99,BBB
13,30-May-03,BB
14,21-Sep-99,BB
14,30-Dec-99,BB
14,30-Dec-01,BB
14,26-May-02,B
14,21-May-04,BB
15,30-Dec-03,BBB
16,21-Dec-99,AAA
16,30-Jun-04,NR
17,30-Jun-99,A
18,21-Jun-99,B
18,22-Jun-04,B
19,30-Dec-99,NR
20,30-Dec-00,BB
20,30-Jul-01,B
21,21-Jun-00,AA
22,30-Dec-04,D
23,30-May-99,BB
23,30-Aug-05,BB
24,30-Jun-00,NR
25,30-May-00,BBB
25,21-Sep-00,A
26,30-Dec-99,BBB
26,21-May-04,BBB
27,30-May-04,AA
28,30-Dec-04,BBB
29,30-Nov-00,A
30,30-Dec-01,AAA
30,21-May-03,A
30,30-Dec-03,BB
30,30-Dec-04,NR
31,30-May-00,NR
32,21-Sep-03,A
33,26-May-01,NR
34,30-May-00,AA
34,30-Dec-02,A
34,30-May-03,A
35,30-Dec-02,A
35,21-Aug-04,A
36,30-May-00,BBB
37,30-Dec-04,AA
38,30-Dec-00,A
38,30-Oct-03,A
39,21-May-00,AA
39,23-May-02,AAA
40,30-Nov-99,A
40,21-Dec-03,A
40,30-Dec-03,A
41,21-Jul-00,NR
42,30-Jun-04,A
43,30-May-01,A
43,21-Jun-01,BBB
43,21-May-02,BBB
43,21-May-02,BB
43,30-May-02,B
43,21-Aug-04,BB
43,30-May-05,BB
44,30-May-05,BBB
45,30-May-02,AAA
46,30-May-99,AA
46,30-Aug-01,AA
46,30-Dec-02,AA
46,30-Dec-03,A
47,30-Dec-02,BBB
47,30-May-03,BBB
48,30-May-99,BBB
49,30-May-02,AA
50,22-May-00,A
51,30-May-01,NR
52,30-Nov-99,BBB
52,21-Dec-99,BBB
52,30-May-02,A
53,30-May-00,AA
54,21-Dec-00,B
54,30-Oct-01,CCC
54,30-Jul-02,D
54,30-Dec-02,NR
55,27-May-02,CCC
55,30-Dec-02,NR
56,30-May-02,BB
56,30-May-03,B
57,30-May-99,A
57,21-May-01,A
57,21-Oct-04,NR
58,21-Jun-04,AA
59,30-May-04,BBB
60,28-Jul-99,BB
60,30-Nov-00,BB
60,30-Dec-02,NR
61,27-Aug-00,BBB
62,21-May-99,A
62,30-Dec-03,A
63,30-Sep-99,A
63,30-May-03,A
64,30-Jul-02,BB
64,30-May-03,BBB
65,21-May-00,BB
65,30-May-01,BB
65,30-Dec-02,BBB
65,30-May-04,BBB
66,30-Jun-04,BBB
67,30-May-00,A
67,30-May-03,A
67,30-Jun-04,BBB
67,30-Oct-04,BBB
67,30-Dec-04,BBB
68,26-Aug-04,BBB
69,30-Oct-00,A
70,30-Jun-00,A
70,30-Oct-02,BBB
71,30-Dec-04,BBB
72,24-May-99,BBB
72,21-May-02,BBB
73,30-May-99,BB
73,30-Dec-00,BB
73,30-Dec-02,BBB
74,28-Jul-99,BB
74,30-May-00,BB
74,30-May-02,BBB
75,30-Oct-99,A
75,30-May-03,A
76,30-May-02,A
76,21-Jul-03,A
76,30-Jun-04,NR
77,30-Jul-01,BBB
77,30-Sep-03,B
77,30-Dec-03,B
78,30-Dec-02,AAA
79,30-May-04,AA
80,30-Aug-01,A
80,30-Nov-02,NR
81,30-Dec-01,A
81,30-Jun-02,BBB
82,30-Jun-01,BBB
82,21-May-03,BBB
83,21-May-99,BB
83,30-Dec-99,BB
83,21-Nov-01,B
83,21-May-02,B
84,30-Dec-99,B
84,30-Dec-03,NR
85,30-Dec-04,BBB
86,21-Dec-00,BB
86,30-Dec-03,BB
86,30-May-04,B
87,21-Sep-02,A
88,21-May-99,BB
88,21-May-01,BB
89,30-Aug-01,BBB
90,26-Jun-00,NR
91,30-Dec-99,AA
91,30-May-03,A
91,30-Dec-04,NR
92,21-May-99,BB
92,21-Oct-03,BB
92,30-Dec-04,BBB
93,21-Jun-02,BBB
93,30-Dec-04,BBB
94,30-May-00,BBB
95,30-May-05,BBB
96,30-Dec-00,A
97,21-Jun-01,BB
97,30-Sep-01,BBB
97,30-Dec-04,BB
98,24-May-02,A
99,30-Oct-02,NR
100,21-May-99,BBB
100,30-Nov-00,BBB
100,30-Dec-03,A
101,30-Dec-02,A
102,30-Jul-03,NR
103,30-May-99,A
103,30-Nov-99,NR
104,30-Dec-99,A
104,30-Dec-02,NR
105,30-Dec-99,A
106,30-Sep-02,BBB
106,30-May-03,B
106,30-Nov-03,BB
107,21-May-99,BBB
107,21-May-01,BBB
108,30-Dec-99,A
108,30-Dec-03,A
109,30-May-03,NR
110,30-May-00,A
111,30-Dec-01,AA
111,30-Dec-01,AA
112,30-Dec-04,BB
113,30-May-99,BBB
113,21-May-01,BBB
114,30-Dec-02,A
115,30-Jun-99,A
115,30-Dec-03,A
116,30-May-99,BBB
116,29-May-00,A
116,30-May-04,A
117,30-May-99,BBB
117,21-Jul-00,A
118,21-May-05,A
118,21-May-05,BBB
119,30-May-03,NR
120,21-May-99,BBB
120,30-Dec-99,BBB
121,21-Sep-04,BBB
122,28-Jun-00,A
122,21-Oct-03,AA
123,30-May-03,A
123,21-May-04,A
124,21-Sep-99,A
125,30-Dec-99,AA
126,30-May-02,BB
126,30-Jul-04,BBB
127,30-Oct-99,BB
127,30-Dec-99,BB
127,30-Dec-99,B
127,30-Jul-04,BB
128,30-Nov-99,AA
128,30-Dec-02,A
128,30-Nov-03,NR
129,21-May-04,A
130,30-Sep-02,NR
131,24-Aug-04,NR
132,30-Dec-00,A
132,21-May-01,A
133,30-Oct-03,NR
134,28-May-99,AA
134,22-May-00,AA
134,29-May-04,AA
135,30-May-00,A
135,21-Jun-01,A
136,30-Nov-03,A
136,21-Jun-04,NR
137,24-May-01,BBB
138,21-May-00,NR
139,30-Dec-99,A
139,30-May-01,BBB
140,30-May-05,A
141,30-Dec-03,NR
142,30-Dec-01,BB
142,30-May-04,BBB
143,30-Dec-99,BBB
143,30-May-00,A
143,21-Aug-02,A
144,21-May-03,BBB
145,30-May-00,A
146,30-Jun-01,AAA
147,21-Aug-00,AA
147,29-May-02,NR
148,21-May-00,A
149,30-Oct-02,BBB
149,30-Dec-03,A
150,26-May-01,AA
150,30-Jun-01,AA
150,28-May-04,AA
151,30-May-00,NR
152,30-May-03,AA
153,30-Nov-00,BBB
154,30-May-02,AAA
155,30-Aug-03,BBB
156,30-Dec-99,B
156,21-May-00,CCC
156,30-May-00,B
156,30-May-03,CCC
156,30-May-04,B
156,30-Nov-04,B
157,20-Aug-02,A
157,21-Nov-02,A
157,30-Dec-03,A
157,30-Sep-04,NR
158,30-May-01,AA
159,30-May-99,BB
159,30-Sep-03,NR
160,21-May-01,AA
160,30-Dec-03,A
161,28-May-99,B
161,21-Jul-00,B
161,21-May-02,CCC
161,30-Dec-02,B
161,30-Dec-02,CCC
162,30-May-99,B
162,24-Oct-99,B
163,30-Dec-02,A
164,30-Dec-99,NR
165,30-May-02,B
165,30-Aug-03,CCC
165,30-May-04,B
166,30-Sep-00,A
166,30-Dec-02,A
166,30-Dec-02,BBB
166,30-Dec-02,BB
166,30-Dec-03,BB
167,21-May-99,BBB
167,30-Jun-04,A
168,21-Aug-04,BBB
169,30-May-00,AA
169,30-Sep-00,AA
170,30-May-01,A
170,30-Dec-01,A
170,21-Jun-03,BBB
170,30-Dec-04,BB
170,30-Dec-04,NR
171,30-May-00,A
171,30-Dec-04,A
172,21-Oct-03,A
173,30-Dec-01,AA
173,30-May-02,A
173,30-Jun-04,AA
174,30-Dec-99,NR
175,30-Dec-04,BBB
176,30-Jun-99,BB
176,21-May-00,BB
176,30-May-02,BBB
176,30-Jul-02,NR
177,21-May-05,AA
177,30-May-05,AA
178,30-Dec-01,NR
179,30-Dec-01,NR
180,25-May-05,AA
181,30-Jul-04,BBB
181,21-May-05,A
182,21-May-01,A
182,30-Dec-03,A
183,30-May-04,NR
184,30-May-03,A
185,21-Jul-04,A
186,30-Jul-99,AAA
186,21-May-01,NR
187,24-Aug-00,AA
187,30-Oct-03,AA
188,30-Dec-00,A
189,30-Jul-02,BBB
190,30-Oct-03,A
190,21-Jul-04,NR
191,30-May-02,A
191,30-Oct-02,BBB
191,30-Dec-02,BBB
191,30-Dec-02,BB
192,30-Jun-00,A
192,21-May-01,A
193,30-Dec-99,AA
193,30-Nov-03,NR
194,30-Oct-02,A
194,21-May-03,A
195,30-Dec-00,BBB
195,30-Oct-02,BBB
195,30-May-05,BBB
196,26-May-99,BB
196,30-Aug-01,NR
197,30-Dec-03,AA
198,29-Dec-99,BBB
198,30-May-03,BB
199,30-Oct-02,AA
199,30-Dec-02,NR
200,30-May-99,BBB
201,30-Dec-04,BBB
202,21-Jun-99,BB
202,21-Sep-99,BB
202,30-Dec-01,BB
203,30-May-03,B
203,30-May-04,B
204,21-Aug-01,A
204,30-May-02,A
204,30-May-02,BBB
204,21-Aug-02,B
204,21-Sep-02,BB
204,30-Dec-02,BBB
204,21-Jun-04,NR
205,30-Jun-02,NR
206,21-Jun-00,BBB
206,30-Jul-01,BBB
206,30-Oct-04,BB
207,21-Dec-01,AAA
207,21-May-02,NR
208,21-Jun-02,B
208,30-Sep-02,B
208,30-Dec-02,BB
209,21-May-01,NR
210,26-Jun-04,NR
211,27-Jul-99,AA
211,21-May-01,AA
211,30-Dec-03,AA
212,30-Dec-04,BBB
213,30-May-02,BBB
214,30-May-99,BBB
214,30-Oct-02,BBB
215,21-May-02,A
216,21-May-99,AA
216,30-Dec-02,AAA
217,30-Nov-04,NR
218,21-May-02,BB
218,30-Dec-03,NR
219,30-Nov-03,A
220,30-Aug-00,BBB
221,30-Dec-99,BBB
222,21-Sep-00,A
222,21-Jun-03,A
223,21-Jul-02,BBB
224,30-Oct-00,BB
224,30-Dec-01,BB
224,30-Sep-03,B
224,30-Jun-04,B
225,21-May-99,NR
226,30-May-99,BBB
226,30-Dec-04,A
226,30-Sep-05,NR
227,30-Dec-03,A
228,30-Nov-99,CCC
228,21-Jul-00,NR
229,30-Dec-00,A
229,21-May-01,A
230,30-Nov-02,BBB
230,30-Dec-02,BBB
230,21-Dec-04,A
231,30-May-99,A
231,30-Dec-01,A
231,30-May-03,BBB
231,21-May-04,BBB
231,30-Dec-05,BBB
232,30-Dec-99,A
233,30-May-01,BBB
234,30-Oct-00,AA
235,30-Dec-99,BBB
236,30-Dec-01,NR
237,30-Dec-00,A
238,30-May-00,A
238,21-May-01,A
238,30-Dec-01,A
239,21-May-01,A
239,30-Dec-02,A
240,30-Dec-00,BB
240,21-Jun-01,NR
241,21-May-99,BB
241,22-Jul-00,BBB
241,21-Oct-01,BBB
241,30-Dec-02,A
242,21-Sep-02,BB
242,30-Dec-04,A
243,21-May-00,A
243,30-Dec-04,A
244,21-May-99,BBB
244,21-Oct-04,A
245,30-Dec-99,CCC
245,30-Aug-03,NR
246,30-May-00,A
246,21-Aug-01,BBB
246,30-Jul-02,BBB
246,30-Dec-03,NR
247,21-May-99,A
247,21-Aug-01,BBB
247,30-Dec-01,A
247,25-May-02,BBB
248,21-May-01,BBB
248,21-May-01,BB
248,21-May-01,BB
248,30-Dec-02,BB
248,21-May-03,B
248,30-Jun-05,BB
249,21-Nov-01,BB
249,30-Sep-02,B
249,30-May-03,B
250,30-Nov-00,A
250,30-Dec-01,BBB
251,21-May-99,B
251,21-Dec-00,B
251,30-May-01,B
251,30-Oct-04,B
251,30-Dec-04,B
252,30-Dec-00,BBB
252,30-Nov-02,BBB
253,21-May-00,BB
254,21-Aug-01,B
254,30-May-03,B
255,30-May-01,BB
255,30-Nov-03,B
256,21-May-99,A
256,30-May-01,BBB
257,21-Oct-01,BBB
257,30-Dec-03,BBB
257,30-Aug-04,BBB
257,30-Oct-05,BB
258,30-Jul-01,A
259,30-Dec-99,BB
259,30-Dec-00,BB
259,30-Dec-01,B
259,23-May-04,BB
260,21-Aug-99,NR
261,30-May-02,A
261,30-May-03,BBB
261,30-Dec-03,BBB
262,30-Oct-00,AA
262,30-Dec-02,AAA
263,21-May-02,BB
263,30-Nov-02,B
264,21-May-00,A
264,21-Jun-01,BBB
264,30-Oct-05,BB
265,21-May-00,D
266,21-May-00,BBB
266,29-Jun-01,BBB
266,30-Jun-02,A
267,30-May-04,A
268,29-Jul-99,B
268,30-Jun-01,CCC
268,30-Dec-01,NR
269,21-May-00,BBB
269,25-Aug-02,B
269,21-Sep-02,BB
269,30-May-03,B
269,21-May-05,B
270,21-Jun-02,BB
270,30-Dec-03,BB
271,30-Dec-00,A
271,30-Jul-01,AA
272,21-May-01,A
272,21-May-02,BBB
273,30-May-01,BBB
273,21-May-03,BB
273,30-May-03,BBB
273,21-May-04,BB
274,30-Sep-01,A
275,30-Jun-99,AA
276,30-May-99,AA
277,26-May-05,AA
278,30-Jul-99,NR
279,30-Aug-00,BB
279,21-May-01,BBB
279,21-May-02,NR
280,21-Oct-01,BBB
280,30-May-02,BBB
280,30-Sep-03,BBB
280,30-Dec-03,BB
280,26-May-04,B
281,21-May-99,BB
281,30-Dec-00,BBB
281,21-Aug-01,BBB
281,21-May-02,NR
282,30-Dec-01,A
283,30-Dec-00,A
283,21-May-01,BBB
283,30-May-02,BBB
283,30-Dec-02,BB
283,21-May-03,B
283,21-May-05,B
284,30-Jul-00,NR
285,30-Dec-99,B
286,21-Aug-01,A
287,21-May-01,A
287,21-May-02,BBB
288,21-May-01,A
289,30-Nov-02,A
290,21-Nov-03,BBB
291,30-Dec-01,AAA
292,30-Oct-99,BBB
292,30-Sep-01,BBB
292,30-Nov-01,NR
293,21-Jun-99,BBB
293,30-Oct-02,BBB
293,30-Dec-03,BBB
293,22-May-04,BB
294,21-Aug-02,BB
294,21-Aug-02,CCC
294,21-Sep-02,BB
294,21-Nov-03,NR
295,30-May-01,B
295,21-Jul-01,CCC
295,21-Jul-01,D
295,30-Dec-03,CCC
295,21-May-04,CCC
296,30-Dec-01,B
296,30-May-02,B
296,27-May-03,CCC
297,21-Oct-99,NR
298,21-Oct-02,AA
298,30-May-03,NR
299,30-Dec-99,A
299,30-Sep-00,NR
300,30-May-05,BBB
301,30-Nov-01,BBB
301,30-Dec-02,BBB
301,30-Jun-03,BBB
302,30-May-99,BBB
302,30-May-03,NR
303,21-Oct-03,BB
303,21-Sep-04,BB
304,30-Nov-01,AA
304,30-Dec-01,AAA
304,30-May-05,AA
304,30-May-05,AA
305,30-Jun-01,BBB
305,30-Aug-01,BBB
305,30-Dec-01,BB
305,25-May-02,BB
306,30-May-99,BBB
307,30-May-03,A
308,30-May-05,AA
308,30-May-05,AA
309,30-May-99,BBB
309,24-May-01,NR
310,21-Sep-01,BBB
310,30-Dec-02,NR
311,30-Dec-01,BBB
311,21-May-02,NR
312,30-Jul-99,B
313,21-Jul-02,AA
313,30-May-03,A
314,24-Oct-99,CCC
315,21-May-05,BB
316,21-Nov-04,BBB
317,30-May-01,D
317,22-Jun-01,B
317,30-Dec-01,CCC
317,30-Dec-01,CCC
317,21-Nov-03,NR
318,30-Dec-00,BB
318,30-Dec-04,BBB
319,30-Aug-03,BBB
320,30-Jul-99,CCC
320,30-Dec-99,CCC
320,30-Dec-00,NR
321,21-Sep-00,A
321,30-Jul-05,NR
322,21-May-99,A
322,30-Jul-01,BBB
322,24-Jul-03,BBB
323,30-Nov-99,A
323,30-May-00,A
323,30-May-01,A
323,30-Dec-04,BB
324,30-May-04,A
325,30-Oct-99,B
325,21-May-00,B
325,30-May-00,B
325,21-May-01,CCC
325,30-Jun-01,CCC
325,26-Aug-01,NR
326,21-Jul-04,A
327,21-May-01,A
327,30-Aug-05,NR
328,30-May-99,B
328,21-May-00,BB
328,21-Aug-04,BB
329,30-Nov-01,BBB
329,30-Dec-01,BB
329,30-Dec-01,B
329,21-Jun-02,B
329,30-Oct-03,CCC
330,21-Jun-03,B
331,30-Nov-99,B
331,30-Dec-00,CCC
332,30-Aug-00,A
332,30-Dec-04,NR
333,21-May-99,NR
334,30-May-99,B
334,21-Jun-99,D
334,30-Nov-99,BB
334,26-May-01,BB
335,30-Aug-01,BBB
335,30-Dec-03,A
336,30-May-03,BBB
337,30-Nov-02,BBB
338,26-May-00,A
338,21-Oct-04,A
339,30-Jul-99,A
339,30-Nov-99,BBB
339,21-May-01,BBB
339,30-Dec-01,BBB
339,30-Sep-05,BBB
340,30-May-99,BB
340,21-Sep-03,B
341,21-May-04,AA
342,30-Dec-99,B
342,21-May-01,B
342,21-Aug-01,CCC
342,21-Sep-01,D
342,30-Nov-01,CCC
342,30-Dec-01,B
342,30-Dec-03,CCC
343,30-Sep-02,BBB
343,21-Sep-04,A
344,30-May-01,BBB
345,30-May-99,BB
345,21-May-00,BB
345,21-May-02,BB
345,30-May-05,NR
346,30-Dec-01,BBB
346,30-Dec-02,BB
347,30-Dec-04,BBB
348,21-May-99,A
348,30-Jun-04,A
349,30-Dec-99,NR
350,30-Jul-99,B
350,21-Oct-99,BB
350,30-Dec-01,B
350,30-May-03,B
350,30-Dec-03,B
350,21-Aug-04,NR
351,30-May-00,BBB
351,30-Dec-00,B
351,30-Dec-00,D
351,30-May-02,NR
352,30-May-01,BBB
352,30-Dec-02,BBB
353,28-May-00,A
353,24-May-04,NR
354,21-Jun-00,BBB
354,30-Nov-01,BBB
354,30-Jun-04,BB
355,30-Dec-99,B
355,26-Aug-01,D
356,21-May-02,A
356,30-Dec-03,BBB
356,30-Dec-04,BBB
357,30-Aug-00,AA
357,30-Dec-00,A
357,21-Oct-01,AA
358,30-Dec-99,BBB
358,21-May-01,BBB
358,30-Sep-02,BBB
359,30-Dec-99,NR
360,30-Dec-01,AA
361,30-Jul-03,BBB
362,21-Jul-00,A
363,30-Oct-03,NR
364,30-May-01,A
364,30-Jul-03,BBB
365,21-Nov-02,AA
366,21-May-00,BB
366,21-May-00,NR
367,28-May-00,NR
368,30-Dec-99,B
368,30-Jun-02,NR
369,30-May-02,AAA
370,30-May-99,NR
371,30-Dec-00,AAA
372,30-Jun-99,A
372,21-Jul-00,A
372,21-Oct-00,AA
372,30-May-01,AA
372,30-Dec-03,NR
373,21-May-99,A
373,30-May-00,AA
373,30-Dec-00,A
373,21-Jul-01,AA
374,30-Dec-00,AA
375,30-Nov-04,AA
376,21-Sep-99,A
376,21-May-01,BBB
376,21-May-02,BBB
376,30-Dec-03,BB
377,21-May-03,BBB
378,30-Dec-03,BBB
379,27-Nov-03,AA
380,24-Jun-00,A
381,21-Nov-03,AA
381,30-Dec-04,NR
382,30-May-00,A
382,30-Sep-01,AA
383,21-Jul-00,NR
384,30-Jul-02,NR
385,30-May-05,BB
386,30-Dec-99,B
386,21-Oct-01,B
386,21-May-03,B
386,30-Dec-04,B
386,30-Jun-05,CCC
387,30-Dec-99,A
388,21-Jul-02,A
389,30-May-99,A
389,30-May-02,A
390,21-May-99,AA
390,22-Oct-02,A
390,30-Dec-03,AA
391,21-Sep-00,A
391,30-Dec-02,AA
391,21-May-04,NR
392,30-Dec-00,A
393,30-Dec-00,B
393,30-Dec-01,BB
393,30-Dec-02,BB
393,21-Sep-04,BB
394,21-Jul-04,B
394,21-Aug-04,BB
395,21-Jun-99,NR
396,30-Dec-00,BBB
396,30-Dec-01,A
396,27-May-05,A
397,21-May-02,A
398,21-Jun-01,AA
399,27-May-99,A
399,21-May-04,NR
400,21-May-02,BBB
400,30-Dec-02,NR
401,21-May-99,BBB
401,21-May-04,A
401,21-Sep-04,A
402,30-Dec-99,NR
403,30-Oct-99,BBB
403,21-May-04,BBB
403,30-May-05,A
404,21-May-00,AA
405,30-May-00,AA
406,30-May-99,CCC
406,30-May-99,D
406,30-Aug-01,NR
407,21-May-03,NR
408,30-Dec-03,NR
409,30-Dec-02,A
409,30-Dec-04,AA
410,30-May-99,NR
411,21-May-99,B
411,30-Dec-99,B
411,30-Dec-01,B
411,30-Sep-03,NR
412,24-May-99,BB
412,30-Aug-00,BBB
412,30-Nov-02,BBB
412,30-Dec-03,NR
413,30-May-99,A
413,30-Dec-00,AA
414,21-May-03,AA
414,30-Aug-04,AA
415,30-Jul-99,AA
416,21-May-01,A
417,30-Sep-00,A
418,30-Dec-01,AA
419,30-Dec-01,AA
420,30-Oct-99,NR
421,30-Dec-00,BBB
421,30-Aug-02,BB
422,21-Jun-99,BB
422,30-May-00,BBB
422,21-Jul-01,BBB
422,28-May-02,BBB
423,30-Dec-04,BBB
424,27-Dec-00,AA
424,21-May-03,A
425,30-May-00,AA
425,30-Dec-02,A
425,30-May-03,A
426,30-Dec-01,A
426,30-Dec-03,A
427,30-Oct-00,A
428,30-Oct-01,A
429,30-Jun-02,BBB
430,30-Oct-00,AA
430,21-Jun-02,A
430,21-May-03,A
431,30-Nov-00,AA
431,30-May-02,A
431,30-Jul-03,A
432,30-Sep-01,A
433,27-Oct-99,BB
433,30-Dec-00,B
433,30-Dec-01,BB
433,25-Jul-02,BB
433,21-May-03,NR
434,30-Dec-03,A
435,21-May-01,AA
435,30-Dec-01,A
435,21-May-02,BBB
435,22-May-02,BB
435,30-Jul-02,A
435,30-Dec-02,BBB
435,30-Dec-02,B
435,30-Dec-04,BB
436,30-Dec-01,BBB
437,30-Dec-01,B
437,30-Dec-03,NR
438,30-May-99,A
439,30-May-99,BBB
439,30-Dec-02,BB
439,30-Aug-03,BB
439,21-May-04,B
439,30-May-04,NR
440,30-May-00,NR
441,30-Dec-02,A
441,30-Nov-05,NR
442,21-Oct-02,A
443,22-May-99,A
443,21-May-00,A
443,21-May-00,A
443,30-Dec-00,A
444,30-Aug-00,AA
444,21-May-03,A
444,30-Dec-04,A
445,21-Sep-99,BBB
446,30-May-00,AA
446,30-Dec-03,A
446,30-May-04,A
447,30-Jun-02,AA
448,26-May-05,BBB
449,21-May-03,A
450,30-Jun-99,BB
450,30-Dec-99,BBB
450,30-Aug-00,BB
450,30-Aug-00,BB
450,21-May-02,BB
450,30-Dec-04,NR
451,21-Aug-99,BB
452,30-Dec-00,B
452,27-May-01,CCC
452,21-Oct-01,CCC
452,30-Dec-01,D
452,21-May-02,NR
453,30-May-00,B
454,21-Aug-99,B
454,21-Jun-03,BB
455,30-Dec-02,BBB
456,30-Oct-04,B
457,27-May-99,B
457,21-Jul-01,CCC
457,30-Dec-04,B
458,30-Dec-03,BB
458,30-Jun-04,BBB
459,21-Sep-01,A
459,21-Dec-03,A
460,21-May-03,B
461,21-May-01,NR
462,30-Aug-99,A
462,21-May-04,A
463,30-May-00,NR
464,30-Aug-03,AA
465,21-May-01,BB
465,21-May-02,B
465,21-Sep-02,B
466,30-Oct-04,NR
467,30-Dec-02,BBB
467,30-Dec-02,A
468,30-Dec-00,BB
469,25-May-00,A
469,30-Dec-02,A
470,21-Aug-99,A
470,30-Dec-99,A
471,30-May-00,BBB
471,30-Dec-02,BB
471,21-May-04,BB
471,21-Jul-04,BB
472,30-May-01,AA
472,30-Nov-05,AA
473,30-Aug-99,BBB
473,28-Aug-01,BBB
473,21-May-03,BBB
474,30-May-00,B
474,30-Oct-02,B
474,21-Sep-04,B
475,21-Aug-04,AA
476,30-Nov-00,BBB
476,21-Oct-01,BBB
476,30-Dec-04,A
477,30-May-02,AA
477,21-May-03,A
478,21-May-04,AA
479,24-Jun-99,A
479,21-May-03,BBB
479,30-Dec-04,BBB
480,21-Jul-99,A
480,21-May-03,BBB
480,30-Dec-04,BBB
481,30-Jun-00,A
481,21-Oct-01,BBB
481,30-May-02,BB
482,24-May-99,AA
483,21-May-00,A
484,30-Dec-02,A
484,30-May-03,BBB
485,21-May-04,NR
486,30-Dec-01,B
486,21-May-03,NR
487,21-Sep-00,A
487,25-May-01,BBB
488,30-Dec-00,A
489,28-Dec-02,A
489,30-Dec-02,A
489,25-Oct-04,A
490,21-Sep-03,NR
491,22-May-04,A
492,30-May-01,BBB
492,21-Oct-04,NR
493,30-Jun-03,A
494,22-Jun-03,BB
494,30-Oct-04,NR
495,21-May-99,BB
495,30-May-99,B
495,29-Jun-04,B
496,30-Oct-02,BBB
497,30-Dec-00,AA
498,21-Jul-04,B
499,30-Dec-99,D
500,21-May-03,BB
500,30-May-04,BB
501,30-Dec-99,BB
501,21-May-00,BB
501,30-May-00,B
501,30-May-01,CCC
501,30-Dec-01,NR
502,30-Dec-02,B
502,30-May-03,NR
503,21-May-99,A
503,30-Dec-03,AA
504,21-Aug-99,BB
504,22-May-00,BBB
504,21-Nov-01,BB
504,21-Jun-03,B
505,30-May-99,BB
505,30-May-00,NR
506,30-Sep-03,NR
507,21-Sep-99,A
507,30-Dec-01,A
508,30-Dec-03,NR
509,30-Dec-02,BBB
509,30-May-03,BBB
509,30-Dec-03,BBB
510,30-Nov-00,A
511,21-May-03,BBB
512,21-Sep-02,BBB
513,21-May-00,BBB
513,30-Dec-03,BBB
514,21-May-03,AA
515,26-May-99,AAA
515,30-Aug-01,NR
516,30-May-01,AA
517,30-May-99,BBB
518,30-Dec-02,AA
518,21-May-03,NR
519,30-Dec-99,A
519,21-May-02,NR
520,30-Dec-02,A
520,21-May-04,A
521,30-May-01,A
522,30-May-00,A
522,30-Dec-03,BBB
523,21-May-99,BB
523,21-May-01,BBB
523,30-May-01,NR
524,21-May-00,AA
524,30-May-02,AAA
525,30-Oct-03,BBB
526,21-Oct-02,A
526,30-Dec-04,A
527,24-Jun-04,A
527,30-Dec-04,BBB
528,28-May-00,BB
528,30-Dec-00,BBB
528,30-Sep-02,NR
529,30-Dec-04,A
530,21-Jun-99,B
530,30-Jul-99,BB
530,30-May-00,CCC
530,21-Aug-00,D
530,21-May-03,CCC
530,30-Sep-04,B
531,30-Dec-03,AA
531,21-Nov-04,AA
532,30-Dec-02,A
533,30-Dec-00,BBB
534,30-Oct-02,A
535,30-Dec-00,BBB
535,30-May-02,BBB
536,21-May-99,A
536,21-May-01,AA
536,21-May-04,AA
537,21-Jun-01,NR
538,21-Jun-99,BBB
538,30-Jul-00,BBB
538,30-Aug-01,BBB
538,21-Jul-04,BBB
539,21-May-02,BBB
539,30-Dec-04,BBB
540,30-Dec-03,A
540,30-May-04,A
541,30-Dec-01,BB
541,21-May-03,B
542,30-May-01,A
542,30-Dec-02,A
543,30-Sep-99,BB
544,23-Nov-00,A
544,21-Oct-02,NR
545,30-Nov-02,A
546,30-Jul-01,BBB
546,30-Dec-04,BBB
547,30-May-01,B
547,30-Dec-01,B
547,30-Nov-03,D
548,30-Dec-00,A
549,30-Nov-03,A
550,30-May-99,A
550,30-Dec-02,NR
551,21-Jun-02,A
551,30-Dec-03,AA
552,30-May-02,BBB
552,30-Jul-02,A
553,21-May-00,B
553,27-May-02,D
553,30-Sep-02,CCC
553,30-Dec-02,B
554,21-Jul-00,BBB
555,21-May-01,BB
555,30-Dec-01,B
555,30-Dec-03,CCC
556,30-Dec-01,BB
556,30-May-05,B
557,23-Sep-01,A
557,30-Dec-03,A
558,30-Dec-99,B
558,21-May-02,B
559,30-Oct-99,B
559,30-Dec-99,B
559,21-May-01,B
559,21-Aug-02,CCC
559,30-Dec-02,B
559,21-May-03,CCC
559,21-Oct-03,B
559,30-Oct-03,NR
560,21-Aug-02,A
560,21-May-04,AA
561,21-Aug-02,AA
561,30-Dec-04,AA
562,21-Jul-02,A
562,30-Dec-04,AA
563,30-May-02,AA
563,30-Sep-03,NR
564,30-Oct-99,BBB
564,30-Aug-00,A
564,21-Aug-04,A
565,21-May-04,NR
566,30-Dec-02,AA
567,21-Dec-02,AA
568,30-Dec-02,AA
569,30-Nov-02,A
570,30-Dec-02,AA
571,30-May-99,BB
571,30-Dec-00,BB
571,21-Oct-01,B
572,30-Dec-04,BBB
573,21-Aug-99,BB
573,30-Aug-00,NR
574,30-May-03,A
575,30-Aug-01,A
575,30-Dec-01,AA
576,28-May-99,BBB
577,21-May-99,A
577,30-Dec-00,A
577,21-May-01,A
578,21-May-99,A
578,21-Dec-00,A
578,21-May-01,A
579,21-May-00,AA
579,21-Nov-02,A
579,30-Jun-03,NR
580,30-May-00,AA
580,21-Nov-02,A
581,23-Jul-01,B
581,21-May-04,BB
581,21-Dec-04,BB
582,21-Sep-03,A
583,30-Dec-99,BB
583,30-Jul-03,B
583,30-Jul-05,B
584,30-Jun-03,BBB
585,23-May-99,BBB
585,30-Dec-01,BBB
585,30-Dec-03,BBB
585,30-May-05,BB
586,21-May-01,BBB
586,22-May-02,BB
587,30-Jul-02,BB
587,30-Oct-03,BB
588,21-May-01,B
588,23-Oct-02,B
588,21-Jun-03,CCC
588,21-May-04,CCC
589,30-Dec-00,BB
590,21-May-03,BB
590,30-Dec-04,BB
591,29-Jun-01,AA
592,30-May-99,BBB
592,30-Dec-01,BBB
592,29-May-04,NR
593,30-Dec-99,BBB
593,30-May-02,BBB
593,21-Oct-02,CCC
593,30-Nov-02,BB
593,30-Dec-03,BB
594,28-May-00,A
595,21-Aug-00,BBB
595,21-May-04,BB
595,30-Dec-04,BBB
596,30-Dec-99,CCC
596,21-Sep-00,B
596,21-Jul-03,B
597,21-May-99,BBB
597,30-Oct-01,NR
598,30-May-01,CCC
598,30-Dec-01,D
599,23-May-03,A
600,29-May-03,A
601,30-Dec-02,BBB
601,21-May-05,BBB
602,30-May-00,BB
602,21-Aug-01,BBB
603,30-Dec-04,A
604,30-May-99,BBB
604,30-Jul-02,BBB
604,30-Dec-02,BBB
604,30-Dec-02,BB
604,30-May-03,CCC
605,30-May-99,BBB
606,30-Dec-99,B
606,21-May-00,CCC
606,21-Aug-01,CCC
606,30-May-02,NR
607,21-Sep-01,BBB
608,21-May-01,AA
609,21-Nov-01,BBB
610,30-Dec-99,BB
611,30-May-99,BBB
611,30-May-02,BBB
611,21-Sep-02,BB
611,30-Nov-03,B
612,21-Jun-99,BBB
612,30-Aug-00,A
612,30-May-02,NR
613,30-Jun-02,BBB
614,27-May-01,A
615,30-May-02,BBB
615,30-May-02,BBB
616,21-Oct-00,BBB
616,21-May-01,CCC
616,30-May-01,B
616,30-Dec-01,BB
616,21-Oct-02,NR
617,30-Dec-99,BBB
617,30-Oct-05,BBB
618,21-Jul-00,BBB
618,30-Oct-01,A
619,30-Dec-01,A
620,21-Sep-01,AA
621,21-May-99,BB
621,30-Nov-00,B
621,30-Sep-01,BB
622,30-Aug-02,BBB
622,30-Dec-03,BBB
623,30-Dec-01,A
623,30-Dec-02,A
624,21-Aug-01,A
624,30-Dec-02,A
625,21-Jun-01,A
625,30-Dec-02,A
626,30-May-99,A
626,21-May-00,AA
626,21-May-02,AA
627,21-Jun-00,A
628,22-May-00,BB
628,30-Dec-00,BBB
628,21-Jun-04,BB
629,30-Dec-03,A
630,21-Sep-99,A
630,30-Oct-00,AA
630,30-Dec-01,NR
631,21-Jul-99,BBB
631,30-May-00,BBB
631,21-Oct-01,BBB
632,30-Nov-02,BBB
632,30-Dec-03,BBB
632,30-Dec-04,BB
633,26-May-99,A
633,30-Oct-04,A
634,30-May-00,BBB
634,30-Dec-02,A
635,30-Dec-99,B
635,30-Jun-00,CCC
635,21-Jul-03,NR
636,21-May-01,BBB
636,21-Jun-01,BB
636,30-Dec-01,B
636,26-May-02,B
636,22-May-03,CCC
637,30-Dec-99,BB
637,21-May-01,BBB
637,30-Jun-01,A
637,21-May-05,BBB
638,22-Aug-01,AA
638,30-Dec-04,AA
639,30-Sep-99,B
639,30-May-00,BB
639,21-May-04,NR
640,21-May-01,BBB
640,21-Jul-02,A
641,30-Dec-99,BBB
641,30-Nov-00,BB
641,30-Dec-00,B
641,30-May-02,CCC
641,30-Jul-02,B
641,30-Nov-02,CCC
641,30-Dec-02,D
641,21-Aug-03,NR
642,30-Sep-04,AAA
643,21-Jul-01,A
644,30-Dec-99,BBB
645,30-May-99,B
645,21-May-01,CCC
645,30-Dec-01,CCC
645,30-Dec-01,NR
646,30-May-99,A
646,30-Dec-04,A
647,30-Nov-00,BBB
647,30-Sep-02,BBB
648,30-May-01,A
649,21-Jun-01,B
649,30-Dec-01,B
649,23-May-02,B
649,30-Oct-03,CCC
650,30-May-99,BBB
650,21-Aug-00,A
650,21-Sep-01,BBB
650,30-Dec-01,BBB
650,21-Aug-02,BBB
650,21-May-05,BBB
651,21-May-00,BBB
651,30-Dec-01,BBB
652,24-May-99,BB
652,21-May-03,NR
653,21-Sep-01,BBB
653,30-Dec-05,BBB
654,21-May-99,BBB
654,30-Nov-01,NR
655,21-Dec-01,AA
656,24-Aug-01,AA
656,30-Dec-01,AAA
656,21-May-04,AA
657,23-Nov-01,AA
657,30-Dec-01,AA
658,30-Dec-00,AAA
659,30-Dec-02,A
660,21-Oct-99,A
660,30-Dec-99,A
660,30-Dec-01,BBB
660,30-May-05,BBB
661,21-May-02,BBB
661,21-May-05,NR
662,21-Jul-04,B
663,21-May-00,A
663,21-Sep-01,BBB
663,30-Dec-01,A
663,30-May-02,BBB
663,21-Jun-02,BB
664,30-Jul-01,A
665,21-Aug-04,BBB
666,30-Dec-99,AA
666,30-Jul-04,NR
667,30-Jul-01,B
668,30-Dec-00,A
668,30-Aug-01,A
668,30-Sep-04,AA
669,30-Nov-00,A
669,21-May-01,A
669,21-Oct-02,NR
670,23-May-01,AA
670,30-May-01,AA
671,26-Sep-01,AA
672,30-Dec-01,AA
672,30-Dec-02,NR
673,30-Dec-00,AA
673,23-Aug-02,AA
674,26-May-02,CCC
674,29-May-03,CCC
674,30-May-04,D
674,21-May-05,NR
675,21-Jun-00,BBB
675,21-May-01,CCC
675,21-Sep-01,D
675,25-May-03,B
676,30-Nov-01,BBB
676,30-May-02,BB
676,30-Dec-02,BB
677,25-May-00,NR
678,30-Dec-02,A
679,24-May-01,A
679,21-Nov-02,NR
680,21-May-99,BBB
680,21-May-00,A
680,30-Jun-04,A
680,28-Sep-04,A
681,30-May-00,B
681,26-May-01,CCC
681,21-Oct-04,NR
682,21-May-99,BBB
682,30-Jun-00,A
682,30-Dec-04,A
683,21-May-99,BBB
683,21-May-00,A
683,30-Jun-04,A
684,21-May-01,A
685,30-Dec-99,B
685,30-Dec-01,CCC
685,30-Jul-03,B
685,30-Dec-03,D
685,30-May-04,NR
686,21-Sep-00,BBB
686,30-Oct-01,BBB
686,30-Dec-01,BB
686,30-Jul-02,BB
687,21-May-01,BB
687,30-Aug-01,BBB
687,30-Jul-02,BB
687,30-Dec-04,BB
688,25-May-03,A
688,21-Jul-04,A
689,30-May-99,B
689,30-Dec-00,NR
690,24-Oct-99,CCC
690,21-Nov-01,NR
691,30-Sep-00,A
691,21-May-03,BBB
691,30-Dec-04,BB
692,21-Aug-00,A
692,21-May-01,BBB
692,30-Aug-02,B
692,21-May-03,BB
692,30-Nov-03,BB
693,30-Dec-04,BBB
694,30-May-01,BBB
695,21-May-02,A
696,21-Aug-00,A
696,30-Jun-05,BBB
697,30-May-99,AA
698,21-Sep-03,BBB
699,30-Dec-00,NR
700,21-May-99,B
700,30-May-03,BB
700,30-Jul-05,B
701,21-Jun-01,BB
701,30-Dec-01,BB
701,21-May-03,B
701,30-May-04,CCC
701,30-Dec-04,CCC
701,30-Dec-04,D
702,30-Dec-04,NR
703,21-May-01,A
703,30-May-02,A
703,28-May-04,BBB
704,21-May-01,AA
704,21-May-04,AA
705,30-Dec-99,A
705,21-May-00,A
705,21-Sep-00,A
705,30-Oct-02,AA
706,21-May-99,AAA
707,30-Aug-05,BB
708,21-May-99,AA
709,21-May-99,AA
710,23-Sep-02,A
710,30-Sep-02,AA
711,30-Nov-00,BBB
711,21-May-02,BBB
712,30-Dec-00,BB
712,21-Jun-01,BB
712,30-Dec-04,BBB
713,21-May-99,BBB
713,21-Sep-00,BB
713,30-Dec-00,NR
714,24-May-03,B
715,30-Nov-00,AA
715,21-May-03,AA
716,30-Dec-99,B
716,30-May-01,BB
716,30-Dec-01,B
716,30-Aug-02,B
717,30-Dec-00,A
717,30-May-01,BBB
718,30-May-03,BBB
719,30-Dec-02,AA
720,30-Oct-00,BB
720,30-May-04,BBB
720,30-Jul-05,A
721,30-Dec-99,BB
721,21-Sep-00,B
721,30-Dec-00,BB
721,21-Aug-01,BB
721,21-Sep-04,B
721,30-Dec-05,NR
722,21-Sep-03,B
722,30-Dec-03,B
722,21-May-04,B
723,21-Oct-00,NR
724,30-Dec-00,BBB
724,21-Aug-03,B
725,30-Oct-01,NR
726,30-Dec-03,BBB
727,30-Dec-01,A
727,26-May-02,NR
728,30-Dec-99,B
729,21-May-00,BBB
730,30-Dec-00,A
730,30-Dec-01,AA
731,30-Jul-02,NR
732,21-May-05,A
733,30-Nov-99,AA
733,21-May-01,AA
733,30-May-02,AA
733,30-Dec-03,A
734,21-Sep-01,A
734,30-Dec-01,A
734,30-Aug-02,BBB
734,21-May-04,NR
735,30-Jul-99,A
735,21-May-03,BBB
735,30-Oct-03,BBB
735,30-Dec-04,BB
736,30-May-03,BBB
737,21-Jun-99,BB
737,30-May-00,NR
738,24-Jul-02,BB
738,21-Aug-02,BBB
739,21-May-01,B
739,27-May-03,B
739,30-May-05,CCC
739,30-Aug-05,CCC
740,30-Dec-99,A
740,30-Dec-00,NR
741,30-Dec-99,B
741,30-May-00,CCC
741,30-Dec-00,B
741,30-Dec-02,B
741,21-May-03,CCC
741,30-Dec-03,NR
742,21-May-03,B
742,30-Dec-03,B
743,26-Oct-01,A
743,30-Jul-02,BBB
743,30-Dec-03,BBB
743,23-May-05,BB
744,30-Dec-99,B
744,30-Jul-05,NR
745,30-Dec-99,CCC
745,21-Jun-00,CCC
745,30-Jun-01,NR
746,30-Sep-99,NR
747,30-Dec-99,A
748,29-Jun-00,NR
749,21-Aug-99,NR
750,30-Sep-99,BB
750,30-Dec-99,BB
750,30-Nov-00,BB
750,21-May-04,BBB
751,30-May-99,BBB
751,21-Sep-02,BBB
751,21-Sep-02,BB
751,30-Sep-03,B
752,21-Aug-02,AA
753,21-May-00,BBB
754,30-May-00,B
755,30-Dec-02,CCC
756,30-Aug-01,BB
756,21-May-02,BBB
756,21-Oct-04,BBB
757,21-May-04,NR
758,30-Dec-00,NR
759,30-Dec-99,BB
760,30-May-04,A
761,21-May-02,A
762,30-Dec-01,NR
763,21-May-01,BBB
764,30-Dec-99,D
764,30-May-01,NR
765,30-May-02,A
765,30-Dec-03,A
766,21-Nov-01,CCC
766,30-May-02,NR
767,30-Dec-99,AA
768,24-May-02,NR
769,21-May-01,AA
769,30-Dec-03,A
769,30-Sep-05,NR
770,21-May-01,BB
770,30-Dec-02,B
770,30-Nov-03,B
771,30-Dec-99,B
771,30-Oct-03,B
771,30-Dec-03,CCC
772,21-Nov-01,D
772,30-Dec-01,CCC
772,30-Dec-03,B
772,30-Dec-04,B
772,21-May-05,CCC
773,21-May-05,NR
774,30-Dec-00,AA
775,22-May-01,NR
776,30-Dec-01,AA
776,30-Dec-01,AA
776,28-May-02,A
777,30-Jun-01,BBB
777,21-May-02,BB
777,30-Dec-02,BB
778,30-Nov-99,BB
778,30-Nov-99,B
778,30-Oct-01,B
778,30-Dec-03,B
779,30-Dec-02,BBB
780,21-May-00,AA
780,21-May-02,AAA
781,21-May-00,AA
781,21-May-02,AAA
782,21-May-00,BB
782,30-May-00,B
782,26-Jun-00,B
782,21-May-02,CCC
782,30-Dec-02,NR
783,21-Jul-00,B
783,30-Dec-00,BB
783,21-May-01,B
783,21-May-01,CCC
783,29-Jun-01,CCC
783,21-Oct-01,NR
784,24-May-00,A
784,30-Oct-00,BBB
784,21-Jun-01,BBB
785,21-Oct-99,BBB
786,21-May-01,BBB
786,30-Oct-01,BBB
786,30-Dec-05,BB
787,21-May-99,A
787,30-Sep-01,BBB
787,21-May-02,BBB
787,30-Dec-02,BB
787,21-Jul-03,BB
788,21-May-99,A
788,30-Dec-00,AA
788,21-May-02,AA
789,30-May-02,AA
790,21-May-01,NR
791,30-May-99,A
791,30-Dec-00,A
791,30-Oct-01,A
792,21-May-02,NR
793,30-Dec-99,AA
793,30-Dec-01,AA
794,30-Dec-99,A
795,30-Dec-02,AA
795,30-Sep-05,AA
796,30-Dec-02,AA
796,30-Jul-05,AA
797,30-Nov-99,CCC
797,30-Dec-99,CCC
797,30-Aug-00,NR
798,21-May-00,AA
799,30-Nov-99,A
799,21-Jul-04,A
800,21-May-04,BBB
801,30-Oct-02,NR
802,30-Aug-99,A
803,21-Dec-99,NR
804,30-Dec-99,NR
805,30-May-03,A
806,30-Dec-01,AA
806,21-May-04,AA
807,30-May-00,AA
807,30-Dec-02,AA
807,21-May-05,AA
808,30-Jul-00,NR
809,30-Dec-02,AA
809,30-Oct-05,AA
810,21-May-04,AA
811,30-May-00,A
811,23-May-02,AA
811,21-Sep-03,NR
812,30-Dec-02,AA
812,30-May-03,NR
813,22-Aug-02,AA
814,21-May-04,NR
815,30-Dec-99,A
815,21-May-03,AA
816,30-Dec-00,AA
816,30-May-03,AAA
817,30-May-00,A
818,30-May-01,AA
818,30-Dec-01,AA
818,30-Nov-04,NR
819,21-Aug-02,AA
820,21-Nov-02,AA
821,21-May-99,B
822,21-Aug-00,A
822,30-Dec-02,AA
822,30-Dec-02,NR
823,21-May-99,NR
824,30-May-00,A
824,30-Dec-02,AA
825,30-May-00,BB
825,21-Oct-01,B
825,30-Oct-01,B
826,21-May-01,BB
826,30-Dec-02,B
826,30-Nov-03,CCC
826,30-Nov-03,CCC
827,21-Oct-00,A
827,30-Sep-05,A
828,21-Jun-99,BB
828,30-Dec-01,BBB
829,30-Aug-01,NR
830,21-Aug-00,BBB
830,21-Aug-02,BB
830,21-Sep-02,BB
830,30-May-03,B
831,21-May-00,A
831,30-May-02,A
832,21-Aug-99,BB
833,21-May-02,BBB
833,30-May-02,BBB
833,30-Dec-02,BB
833,21-May-03,B
833,30-May-03,CCC
833,30-May-03,NR
834,21-May-00,A
834,21-May-02,A
835,21-May-99,BBB
836,22-Jun-04,AA
836,30-Dec-04,NR
837,25-Jun-99,BBB
837,21-May-00,BBB
837,21-May-05,BBB
838,21-Jun-99,B
838,21-May-01,BB
839,21-Jun-99,A
839,21-May-01,A
839,30-May-01,A
839,21-May-02,BBB
839,30-Dec-03,BBB
839,21-Jun-04,NR
840,30-May-99,BBB
840,30-Oct-00,BB
840,26-Dec-00,B
840,30-Dec-00,BB
840,30-Dec-02,CCC
841,30-Jun-01,BB
841,30-Dec-01,BB
841,21-Sep-02,B
841,21-May-05,BB
842,21-Oct-04,A
843,30-Dec-02,A
843,30-Dec-04,AA
844,30-Jun-01,A
844,30-May-03,BBB
844,30-Dec-04,BBB
845,30-May-02,A
846,30-May-02,BBB
847,21-May-00,A
847,30-Dec-02,BBB
847,21-May-05,NR
848,30-Dec-00,A
848,30-Dec-02,A
848,30-May-05,NR
849,30-Aug-00,AA
849,30-May-02,A
850,30-Oct-00,AA
850,30-Dec-02,A
851,30-Dec-00,AA
851,30-Dec-02,A
851,21-Oct-04,A
852,21-May-02,BBB
852,30-Dec-02,BBB
853,30-May-01,A
854,30-Dec-01,BBB
854,21-May-02,BB
854,30-May-02,BB
854,30-May-04,BB
854,21-Sep-04,BB
854,30-May-05,BBB
855,21-Jun-01,CCC
855,30-Nov-02,NR
856,30-Dec-00,AA
856,30-Dec-02,AA
857,30-Dec-99,BB
857,30-Sep-05,BB
858,30-May-02,A
859,30-May-00,AA
859,30-May-02,NR
860,30-Nov-01,BBB
860,21-May-02,BBB
861,30-Dec-02,NR
862,21-Jun-99,A
862,30-Dec-02,NR
863,26-Aug-00,A
863,21-May-03,A
864,30-Dec-00,A
864,30-Dec-02,BBB
865,21-Nov-04,BBB
865,22-May-05,BBB
866,21-May-03,A
866,30-Dec-04,BBB
866,30-Dec-05,BBB
867,21-May-00,NR
868,30-Jul-04,BBB
868,30-Nov-05,BBB
869,21-May-03,A
869,30-Dec-04,BBB
870,30-Dec-00,BBB
870,30-Dec-01,BBB
870,21-May-04,BBB
871,30-Jun-99,BB
871,21-May-02,NR
872,30-Dec-00,AA
872,30-Jun-02,A
873,30-Dec-00,A
873,30-Dec-02,A
874,30-May-00,AA
874,30-Dec-02,A
874,30-Dec-03,NR
875,21-Jun-00,AA
875,30-Jul-02,NR
876,30-Dec-00,AA
876,30-Dec-02,A
876,30-Aug-03,NR
877,30-Oct-03,BBB
877,21-May-04,BBB
878,21-Jun-00,AA
878,30-Dec-02,A
878,30-May-03,NR
879,30-Oct-01,A
880,21-May-00,AA
880,30-Dec-02,A
880,21-May-03,NR
881,21-May-05,AA
882,21-May-00,AA
882,21-Sep-02,A
882,30-Jul-03,NR
883,30-Oct-00,AA
883,30-Dec-02,A
883,30-Dec-03,NR
884,21-May-04,BBB
884,30-Aug-04,NR
885,30-Dec-99,A
886,21-May-03,NR
887,30-Dec-99,BB
887,21-May-02,BB
887,21-Oct-04,B
888,21-May-02,AA
888,30-Dec-02,A
888,21-Oct-03,AA
889,21-Dec-99,BB
889,30-Aug-01,B
890,22-May-02,AA
890,30-Dec-02,NR
891,30-Dec-00,BBB
891,30-May-02,BB
891,21-May-03,BB
892,21-Aug-03,NR
893,30-May-99,BBB
893,30-Dec-02,BB
894,30-Dec-99,BBB
894,21-May-02,B
894,30-Jun-05,NR
895,30-Dec-01,BBB
896,30-Dec-02,NR
897,21-May-99,BBB
897,30-May-99,A
897,21-Jun-99,BB
897,30-Dec-99,B
897,30-May-00,AA
898,30-Dec-02,A
899,30-May-03,BB
899,30-Jun-03,B
899,30-Nov-03,B
899,21-May-04,B
900,30-Dec-99,AA
900,30-Dec-01,AA
901,30-May-99,BBB
901,30-Dec-03,NR
902,21-Jul-01,AA
903,30-Dec-00,A
903,30-Sep-03,A
904,30-May-00,A
904,24-May-02,NR
905,30-Sep-99,NR
906,30-Dec-00,BB
906,30-Jul-01,B
906,29-Oct-02,B
906,30-Dec-04,CCC
907,30-May-00,A
907,21-May-05,A
908,21-Jun-99,A
908,21-Sep-03,A
909,21-May-00,BB
909,21-Sep-02,NR
910,30-May-02,A
910,30-Dec-02,NR
911,30-May-99,A
911,30-Dec-02,A
912,30-Aug-01,BBB
912,30-Oct-02,BBB
913,30-Jul-99,BBB
913,30-Sep-00,BB
913,30-Dec-00,BB
913,21-May-02,CCC
913,30-May-02,B
913,30-Dec-02,CCC
913,30-Dec-02,NR
914,30-Dec-04,BB
915,30-May-99,CCC
915,30-Sep-99,D
916,30-Oct-01,A
916,30-Dec-01,BBB
916,21-May-02,BBB
916,30-Dec-02,BB
916,25-Jun-04,NR
917,30-May-00,CCC
917,30-Aug-00,BBB
917,21-Oct-00,B
917,30-Dec-00,BB
917,30-Dec-00,B
917,30-Aug-01,CCC
917,30-Dec-02,NR
918,30-Aug-99,BB
918,21-May-00,B
918,28-May-00,B
918,30-May-00,CCC
918,21-Dec-01,NR
919,30-May-99,NR
920,21-Jun-00,AA
920,30-Dec-02,A
921,30-Oct-05,A
922,21-Oct-03,A
923,21-May-00,BBB
923,30-Jun-00,A
923,30-May-03,NR
924,21-Sep-02,NR
925,30-Dec-00,BBB
925,30-Nov-01,BBB
925,30-Dec-02,A
926,30-May-00,AA
926,30-Dec-01,AA
926,21-May-03,A
927,21-May-00,BBB
927,30-May-01,B
927,21-Nov-01,D
927,30-Dec-01,BBB
927,30-Dec-01,BBB
927,30-Dec-03,NR
928,30-May-00,NR
929,30-Oct-99,AA
929,30-May-01,A
929,30-Jun-01,A
929,30-May-02,BBB
930,30-Sep-02,BBB
930,30-May-03,B
930,30-Sep-03,BB
931,30-May-01,NR
932,30-Nov-03,AA
933,30-Jun-99,BBB
933,30-Aug-01,BBB
934,26-May-99,B
934,21-Oct-01,CCC
934,30-Dec-02,NR
935,30-Dec-00,BBB
935,30-Dec-00,BBB
935,21-May-01,BB
935,30-Sep-04,BBB
936,21-Jul-99,NR
937,30-Dec-00,BBB
937,30-May-01,BBB
937,21-May-05,A
938,21-May-03,A
939,30-Dec-99,BBB
939,30-Dec-00,BBB
940,21-May-00,CCC
940,21-May-00,D
940,30-May-00,B
940,21-May-01,NR
941,30-Jul-04,BBB
942,21-Aug-99,B
942,21-May-03,NR
943,30-Dec-99,BBB
944,30-May-99,D
944,28-Jun-99,NR
945,30-Jul-02,A
946,21-Jun-01,AAA
947,30-Dec-01,A
947,23-May-04,A
948,21-Jun-00,BB
948,30-Dec-00,BB
949,30-Jul-01,NR
950,30-Dec-99,NR
951,30-Dec-01,BBB
951,23-May-02,BBB
952,21-Aug-01,A
952,30-Dec-01,AA
952,30-Dec-02,A
953,30-May-01,AA
953,30-May-01,A
953,21-May-02,A
953,30-Dec-03,NR
954,30-May-99,BBB
954,30-Dec-01,BB
954,21-Aug-04,BBB
955,21-May-99,B
955,21-May-00,B
955,21-Aug-00,CCC
955,21-May-01,D
955,30-Sep-01,CCC
956,30-May-99,BB
956,30-Dec-99,B
956,30-Dec-01,B
956,30-May-02,CCC
956,21-May-05,B
957,30-Dec-04,A
958,30-Jul-03,BBB
958,30-Jun-05,A
959,30-Jul-99,A
959,30-Jun-05,A
960,30-Dec-02,BB
960,30-Dec-04,NR
961,21-Jun-99,BBB
961,21-May-04,BB
961,30-Nov-04,B
961,23-May-05,B
962,30-Aug-99,BBB
963,30-Dec-00,B
963,30-Dec-02,BB
963,21-Jul-03,BB
963,21-May-05,NR
964,30-Dec-99,CCC
964,21-Aug-00,B
964,30-May-03,B
965,21-Jul-04,NR
966,30-Dec-99,BBB
967,30-Sep-02,NR
968,30-Sep-01,A
968,21-May-03,A
969,30-Dec-99,A
969,21-Aug-00,AA
969,30-Dec-03,A
970,23-Jun-03,A
970,30-Nov-05,AA
971,21-Aug-03,BB
971,30-Dec-03,BB
972,30-May-01,BB
972,30-Dec-02,NR
973,30-May-01,BBB
973,21-Sep-02,BBB
974,30-Jul-99,BBB
974,21-May-02,BBB
974,21-Jun-02,BB
974,30-Jun-03,B
974,21-Oct-04,B
975,21-Oct-03,A
975,30-Dec-04,A
976,30-Dec-03,A
977,30-May-02,BBB
977,21-Jun-02,BBB
977,30-Dec-02,BBB
978,30-Dec-00,AA
979,21-Oct-04,BB
980,30-Dec-01,BB
980,30-Dec-02,NR
981,21-May-99,BBB
981,30-May-99,BBB
981,30-May-00,A
981,30-May-02,A
982,21-Nov-99,A
982,30-May-05,A
983,30-Sep-01,BBB
984,30-May-01,A
985,30-Aug-02,A
985,21-Aug-03,AA
986,21-Jul-02,AA
986,30-May-03,AA
987,30-Jul-04,AA
988,30-Dec-00,BBB
988,21-Aug-03,BBB
989,21-May-03,NR
990,21-May-99,BBB
990,21-May-00,A
990,21-May-02,NR
991,21-May-05,A
992,30-May-99,BBB
993,30-Dec-03,B
994,21-Jun-00,BBB
994,30-Jul-03,BBB
995,30-Dec-00,BBB
995,21-Oct-03,BBB
996,21-May-00,AA
997,30-Dec-99,B
997,30-May-02,NR
998,28-May-04,AA
999,30-Dec-99,BBB
999,30-May-04,NR
1000,21-May-99,A
1001,21-May-99,NR
1002,30-May-00,BB
1002,30-Dec-02,BB
1002,21-May-03,CCC
1002,30-Oct-03,CCC
1002,30-Dec-03,NR
1003,30-Sep-04,BBB
1004,30-May-99,B
1004,21-May-01,BB
1004,21-May-02,B
1005,30-May-99,AA
1005,21-May-03,AA
1005,24-May-04,A
1005,28-May-04,A
1006,21-Sep-01,BBB
1006,21-May-02,BB
1006,30-Dec-02,BB
1006,30-Dec-02,CCC
1006,21-May-04,B
1006,29-May-04,B
1006,30-May-04,BB
1006,25-May-05,BBB
1007,21-May-01,AA
1007,30-May-03,A
1007,30-Dec-03,NR
1008,30-May-01,A
1008,21-May-02,NR
1009,30-Oct-01,A
1010,21-May-00,AA
1010,21-Aug-02,NR
1011,30-Dec-99,B
1011,30-Dec-00,B
1012,21-May-99,BB
1012,30-Dec-99,BB
1012,30-Dec-99,NR
1013,21-Jul-99,A
1013,30-Jul-04,NR
1014,30-Aug-99,A
1014,30-Dec-04,A
1015,30-Dec-04,B
1015,30-Jun-05,BB
1016,21-May-99,BB
1016,30-Dec-00,BBB
1017,21-May-00,NR
1018,30-Dec-00,CCC
1018,30-Jun-01,CCC
1018,21-Aug-04,CCC
1019,21-May-01,BBB
1020,30-Jul-99,A
1020,30-Dec-00,AA
1020,21-Jul-01,NR
1021,30-Dec-99,AA
1021,21-May-03,AA
1021,21-Jul-04,A
1021,30-Dec-04,A
1022,30-Dec-00,A
1022,30-Dec-02,BBB
1023,21-May-99,BB
1023,21-Nov-03,B
1024,30-Oct-05,BBB
1025,21-May-01,BBB
1025,30-Nov-03,BBB
1026,30-May-02,BBB
1027,30-May-99,BBB
1027,30-Dec-00,BBB
1027,30-Sep-02,BBB
1027,30-Dec-04,BBB
1028,21-Aug-01,AA
1028,30-Nov-03,A
1029,30-Aug-00,BBB
1029,30-Dec-03,BBB
1030,30-Sep-99,BBB
1030,30-Oct-00,A
1030,22-Aug-04,A
1031,21-Aug-03,B
1032,21-May-99,BBB
1032,30-Nov-00,A
1032,21-Nov-04,A
1033,30-Dec-01,A
1033,30-May-04,AA
1034,30-Dec-99,B
1034,30-May-01,CCC
1034,30-Jul-01,B
1034,30-May-02,D
1034,21-Jul-02,CCC
1034,30-Oct-04,CCC
1034,30-Oct-05,BB
1035,30-Dec-00,BBB
1036,30-May-00,B
1036,30-Aug-02,CCC
1036,30-Aug-03,NR
1037,30-Dec-01,A
1037,30-May-04,NR
1038,30-Dec-99,CCC
1038,21-Jun-00,CCC
1038,30-Sep-02,CCC
1039,21-Jul-01,NR
1040,30-Dec-00,AA
1041,30-May-99,NR
1042,21-Aug-01,B
1042,30-Dec-04,NR
1043,30-May-02,BBB
1043,30-Nov-04,NR
1044,21-May-00,NR
1045,21-May-00,BBB
1046,21-May-99,BB
1046,21-May-03,BBB
1046,30-Dec-04,BBB
1047,29-May-03,NR
1048,30-May-99,B
1048,21-Jun-00,BB
1049,21-May-99,B
1049,30-Dec-99,B
1049,30-Dec-01,CCC
1049,30-May-02,NR
1050,30-Dec-02,BB
1051,21-May-02,BBB
1051,30-Dec-02,BB
1051,21-Nov-04,BBB
1052,21-May-01,BB
1052,30-Dec-01,BB
1052,21-May-03,BB
1052,30-May-04,B
1052,30-Jun-04,CCC
1052,30-Jul-05,NR
1053,21-May-01,BBB
1053,23-Jul-01,BBB
1054,21-May-01,AA
1054,30-Sep-01,A
1055,30-Dec-03,A
1056,30-May-01,A
1056,30-Sep-03,BBB
1057,30-Nov-00,BBB
1057,21-Jun-02,BBB
1058,21-May-00,A
1059,21-May-00,AA
1060,21-May-99,BB
1060,30-Dec-99,BB
1060,30-Dec-99,BB
1060,21-May-04,BB
1061,21-May-02,AA
1062,30-Dec-02,BB
1062,21-Aug-03,BB
1063,30-Dec-01,AA
1063,21-May-02,A
1064,21-Sep-00,BBB
1064,30-Dec-02,BB
1064,30-May-03,BB
1065,30-Oct-01,AA
1065,30-Dec-01,AA
1065,27-May-02,A
1066,30-Dec-99,A
1066,30-Jul-04,BBB
1067,30-May-99,B
1067,21-May-00,NR
1068,21-May-99,AA
1069,25-May-04,AAA
1070,24-May-01,AA
1070,21-Nov-01,AA
1070,21-May-02,A
1071,21-May-99,B
1071,22-Jul-99,CCC
1071,30-Dec-99,CCC
1071,21-Jul-00,NR
1072,30-Oct-00,A
1072,30-Sep-02,A
1072,30-Dec-02,A
1073,21-Oct-02,A
1074,21-Oct-02,A
1075,21-May-99,BB
1075,30-May-99,BBB
1075,21-May-02,BBB
1075,21-May-05,BBB
1076,21-Aug-03,B
1076,21-Sep-04,NR
1077,26-May-01,NR
1078,21-Oct-99,B
1078,30-May-01,B
1078,30-Dec-02,B
1078,21-Jun-04,B
1078,30-May-05,NR
1079,21-May-03,NR
1080,21-May-99,BB
1080,30-Sep-00,BBB
1080,21-May-02,B
1080,21-May-02,CCC
1080,21-May-02,D
1080,30-Aug-02,CCC
1081,21-Oct-00,B
1081,30-Dec-01,B
1081,30-Jun-02,CCC
1082,30-Aug-99,A
1082,30-Dec-02,NR
1083,21-Jun-99,BB
1083,30-Dec-99,NR
1084,21-May-99,A
1084,30-Dec-00,AA
1084,30-Sep-02,NR
1085,30-May-99,AA
1086,30-Dec-03,A
1087,30-Sep-04,B
1088,30-Nov-00,BB
1088,21-May-02,BB
1088,30-Dec-03,BB
1088,21-May-04,B
1089,30-Jul-00,BB
1089,30-Oct-05,BB
1090,30-Nov-00,BB
1090,21-May-05,BB
1091,21-May-04,NR
1092,30-Dec-04,BBB
1093,30-Dec-00,BBB
1093,30-Dec-02,BBB
1093,21-May-05,BBB
1094,21-Dec-99,BBB
1094,30-Nov-02,BBB
1095,30-Sep-01,BBB
1095,21-Aug-04,BBB
1096,23-May-02,BB
1097,21-May-02,A
1097,30-Oct-03,BBB
1097,30-May-04,A
1098,30-May-99,A
1098,22-May-00,A
1099,21-May-00,A
1100,21-May-03,AA
1101,21-May-99,BBB
1101,30-Dec-01,BBB
1101,30-Aug-03,BBB
1101,21-May-05,BB
1102,30-Dec-03,B
1103,23-Sep-00,CCC
1103,30-Oct-01,D
1104,30-Dec-01,AA
1105,21-May-00,A
1106,30-Sep-99,BB
1106,30-Sep-02,B
1107,25-Oct-99,B
1107,30-May-00,NR
1108,21-Sep-99,BBB
1108,30-Oct-99,BBB
1108,26-May-02,A
1109,30-Jul-99,BBB
1109,30-Dec-99,BBB
1109,30-Jul-02,A
1110,21-May-00,NR
1111,30-May-04,BBB
1112,24-May-04,NR
1113,30-Dec-99,CCC
1113,21-Jul-01,CCC
1114,21-Sep-99,B
1114,30-Dec-00,B
1114,30-Dec-00,D
1114,21-May-02,NR
1115,30-Dec-99,BB
1115,30-Dec-00,B
1115,30-May-01,BB
1116,21-May-04,BBB
1117,30-May-99,B
1117,21-May-00,NR
1118,30-May-99,BBB
1118,26-May-02,BB
1118,21-Jul-02,BBB
1118,21-May-04,BBB
1118,21-May-05,A
1119,21-May-01,A
1119,30-May-03,BBB
1119,21-May-04,A
1120,30-May-99,BBB
1121,30-May-99,BBB
1121,30-Dec-99,BBB
1121,30-Dec-99,BBB
1121,21-Aug-01,BBB
1122,30-May-02,A
1122,30-Sep-03,A
1122,30-Dec-03,BBB
1123,25-May-00,BBB
1123,21-Jun-02,BBB
1124,30-Dec-04,BBB
1125,30-Dec-02,A
1125,30-Dec-02,BBB
1126,30-Dec-99,BBB
1126,21-Oct-01,BB
1126,21-Sep-02,B
1126,30-Aug-03,B
1127,21-Jul-02,AA
1128,30-Dec-04,AA
1129,30-May-02,NR
1130,21-May-04,BB
1131,21-Oct-02,A
1132,30-May-00,A
1132,21-May-01,A
1132,21-Jun-02,BBB
1132,30-Jun-02,BB
1132,30-Oct-03,BB
1133,21-May-03,BBB
1134,30-Dec-00,BBB
1134,30-Jul-02,A
1135,21-Jun-99,BB
1135,30-May-00,BB
1135,21-Jun-01,B
1135,30-Dec-02,CCC
1135,30-Aug-03,B
1135,30-Nov-03,D
1135,21-May-05,CCC
1136,21-Aug-01,A
1136,30-Jul-02,BBB
1137,21-Oct-99,A
1138,30-Sep-00,AA
1139,30-Dec-99,CCC
1139,30-Dec-01,CCC
1139,30-Dec-02,CCC
1139,30-Dec-03,D
1139,30-Dec-04,NR
1140,30-Jun-01,AA
1140,30-Sep-02,A
1141,30-Dec-00,BBB
1142,21-May-01,AA
1143,30-Oct-01,BBB
1143,30-Dec-04,BBB
1144,30-Dec-01,BBB
1144,30-Dec-02,NR
1145,30-May-99,AA
1145,21-May-02,A
1145,30-Dec-03,A
1146,30-May-99,BBB
1146,30-May-00,NR
1147,30-Jul-00,A
1147,30-Dec-01,A
1147,30-Dec-02,BBB
1148,30-Jun-99,BBB
1148,23-Aug-03,BBB
1149,30-May-99,BBB
1149,21-Dec-03,BBB
1150,21-May-99,BBB
1150,30-Dec-99,BBB
1150,30-Dec-99,BBB
1150,30-Dec-01,BBB
1151,21-May-04,BBB
1152,21-May-00,AA
1152,30-Dec-03,A
1153,24-May-00,BBB
1153,28-May-01,BBB
1153,30-Dec-01,BB
1153,21-Aug-04,BBB
1154,24-May-99,A
1154,30-Dec-99,A
1154,30-May-02,A
1154,21-Sep-04,A
1155,21-May-01,A
1156,30-Dec-02,AA
1157,30-May-00,A
1158,30-Dec-03,NR
1159,30-Aug-02,B
1160,30-Dec-00,A
1160,30-Dec-03,A
1161,21-May-04,BBB
1162,30-Dec-99,AAA
1163,21-May-99,A
1163,21-May-02,B
1163,21-May-02,D
1163,30-May-02,BB
1163,30-Oct-02,BBB
1163,30-May-03,NR
1164,21-May-02,BBB
1164,30-May-02,B
1164,21-Sep-02,CCC
1164,21-May-03,B
1164,21-Nov-04,B
1165,30-Dec-00,BB
1165,30-Dec-01,BB
1165,30-May-03,BBB
1166,21-May-00,A
1166,30-Dec-02,A
1166,30-Jul-05,NR
1167,21-Jul-99,B
1167,21-Oct-03,BB
1168,30-Oct-99,B
1168,30-Aug-02,BB
1169,21-May-99,BB
1169,30-May-99,BB
1169,30-Dec-00,B
1169,30-Dec-01,B
1169,30-Dec-02,BBB
1170,21-May-03,BB
1171,21-Jun-99,B
1171,30-May-04,B
1172,30-May-99,CCC
1172,30-May-00,NR
1173,21-May-99,BB
1173,21-Jul-99,B
1173,21-May-00,BB
1173,30-Dec-04,NR
1174,30-Sep-00,AA
1174,30-Dec-00,NR
1175,21-May-05,NR
1176,30-Dec-00,BBB
1176,24-Sep-02,BBB
1177,30-May-03,AA
1178,21-Aug-00,BB
1178,30-Dec-04,BBB
1179,30-May-99,NR
1180,30-Oct-05,NR
1181,30-Nov-00,B
1181,30-Dec-01,BB
1181,21-May-02,BB
1181,30-May-04,BB
1182,30-Dec-99,CCC
1183,30-Dec-02,AA
1183,21-May-04,AA
1184,30-May-02,NR
1185,21-Dec-99,AA
1185,30-May-04,AA
1186,30-Dec-99,A
1186,30-May-04,AA
1187,30-Dec-00,B
1187,30-Dec-03,B
1188,30-Aug-99,AA
1188,30-Jun-00,AA
1188,21-May-01,A
1188,21-May-01,A
1188,30-Dec-04,BBB
1189,21-May-99,AA
1189,30-May-00,AA
1189,30-Dec-00,A
1189,30-May-01,A
1189,21-May-04,NR
1190,30-Nov-04,BBB
1191,30-Dec-00,BBB
1191,30-May-03,NR
1192,21-May-99,A
1193,30-May-03,B
1194,21-Jul-99,BBB
1194,30-Oct-99,BBB
1194,30-Dec-99,BBB
1194,28-Dec-01,BBB
1195,21-May-99,BB
1195,23-Aug-01,B
1195,21-May-04,BB
1196,30-May-01,BBB
1197,30-Dec-99,BB
1197,21-May-00,B
1197,30-Oct-02,B
1197,21-May-03,CCC
1197,21-Jul-03,B
1198,30-May-03,BBB
1199,30-Oct-00,BBB
1200,30-Dec-01,AA
1201,30-Dec-01,NR
1202,30-May-00,NR
1203,30-May-03,AA
1204,30-Dec-01,AA
1205,30-May-02,A
1205,30-Dec-03,BBB
1205,26-May-04,BBB
1206,30-Dec-99,BBB
1206,30-Nov-02,BBB
1206,30-Dec-03,BBB
1206,30-Dec-03,BB
1207,21-May-00,BBB
1207,30-May-00,BBB
1208,30-May-01,BBB
1208,30-Oct-03,BBB
1208,21-May-05,BB
1208,30-Sep-05,BBB
1209,30-Dec-99,B
1209,30-Dec-00,NR
1210,21-Aug-99,B
1210,23-May-01,BB
1211,30-Dec-99,BB
1211,30-Dec-00,BB
1211,21-Aug-01,B
1211,30-Jun-03,B
1212,30-Dec-01,AA
1212,30-Nov-03,A
1213,30-May-01,A
1214,29-May-00,A
1214,30-Dec-01,A
1215,30-Dec-04,BB
1215,30-May-05,B
1216,30-Sep-02,BBB
1217,21-May-00,D
1218,21-May-01,BB
1218,30-Dec-01,NR
1219,30-Sep-99,CCC
1219,30-Sep-00,NR
1220,21-May-00,A
1221,30-May-00,AA
1222,21-May-00,A
1223,30-Jul-01,A
1223,30-Sep-04,A
1224,21-May-02,AA
1224,30-May-05,AA
1225,30-Dec-03,A
1226,21-Jul-00,BBB
1226,30-May-01,BBB
1226,21-May-02,BBB
1226,21-Aug-02,BB
1226,30-Sep-03,B
1226,21-May-05,B
1227,30-May-00,BBB
1227,30-Dec-01,BB
1227,30-Dec-03,NR
1228,21-Nov-01,BBB
1228,30-Dec-02,BBB
1228,30-May-04,NR
1229,30-May-99,BB
1229,30-Dec-00,BB
1229,28-Jun-02,BBB
1229,21-Oct-03,BBB
1230,30-Dec-04,AA
1230,30-May-05,AA
1231,21-Jul-02,NR
1232,30-May-02,BBB
1233,30-Dec-01,A
1233,24-May-03,BBB
1233,30-Dec-04,NR
1234,21-Sep-99,A
1234,30-May-04,BBB
1235,30-Dec-99,AA
1235,21-May-03,AA
1235,21-Aug-04,A
1235,30-Dec-04,A
1236,21-Jun-99,BB
1236,30-Oct-00,BBB
1236,30-Nov-02,BBB
1236,30-May-05,BBB
1237,21-Jul-99,NR
1238,30-Dec-00,BB
1238,30-Sep-03,BB
1239,21-May-99,BBB
1239,30-May-02,BBB
1239,21-Oct-02,BB
1239,30-May-03,B
1240,30-Oct-99,BBB
1240,30-Oct-00,BBB
1240,30-Dec-00,BB
1240,21-May-02,B
1240,21-Jun-02,B
1240,21-Nov-04,B
1241,21-Jul-99,AA
1241,22-May-02,A
1242,30-May-01,NR
1243,30-Dec-02,NR
1244,21-Aug-01,BB
1245,25-Jun-01,BBB
1246,21-Nov-01,B
1246,21-May-02,B
1246,30-May-03,B
1246,30-Dec-03,BB
1246,30-May-04,BBB
1246,21-Oct-04,NR
1247,30-Dec-99,NR
1248,30-Dec-99,BBB
1248,30-May-02,A
1248,21-May-04,NR
1249,21-May-01,BBB
1249,30-Jul-01,B
1249,30-Dec-03,BB
1250,30-Dec-04,BB
1250,30-Dec-05,NR
1251,21-May-01,CCC
1251,21-Dec-01,D
1252,30-Dec-99,BB
1252,30-May-01,B
1252,30-May-02,CCC
1252,30-Sep-03,D
1253,21-May-02,NR
1254,21-May-01,BBB
1254,30-Jul-04,NR
1255,21-May-00,NR
1256,30-Oct-01,BBB
1256,21-Jul-03,BBB
1257,30-Dec-99,BBB
1258,21-Jun-04,A
1259,21-May-02,BB
1259,30-Sep-05,BBB
1260,26-May-00,BBB
1260,30-May-04,BBB
1261,30-Aug-99,BBB
1261,21-Jun-00,A
1261,21-Jun-04,A
1261,21-Sep-04,A
1262,30-Dec-02,A
1263,30-May-02,BB
1263,21-May-03,B
1263,30-May-03,CCC
1263,21-Aug-04,B
1264,21-May-99,A
1265,30-Jun-99,A
1265,30-May-04,NR
1266,30-Dec-00,A
1266,30-Dec-02,BBB
1267,30-May-02,A
1268,30-Dec-99,CCC
1268,29-Sep-03,B
1269,27-May-05,A
1270,30-Dec-05,A
1271,21-May-00,A
1271,30-Dec-04,A
1272,21-May-00,A
1273,30-Jun-04,BBB
1274,30-Jun-00,BBB
1274,21-Jul-04,BBB
1275,30-Dec-99,BB
1276,30-May-02,BB
1276,21-Aug-02,BBB
1276,30-Dec-03,BB
1277,30-Sep-00,A
1277,30-Dec-03,AAA
1278,30-Dec-04,NR
1279,21-Oct-02,BB
1279,30-May-03,CCC
1279,30-Dec-03,D
1280,30-May-00,A
1281,30-Jul-05,A
1282,21-May-01,NR
1283,21-Aug-99,BB
1284,21-May-99,A
1284,30-Sep-99,A
1284,21-Oct-01,NR
1285,30-May-00,A
1285,30-Jul-00,AA
1285,30-May-01,BBB
1285,30-Nov-01,BBB
1285,25-May-03,BBB
1285,30-Dec-03,BBB
1286,30-May-00,AA
1286,21-Oct-02,AA
1286,30-May-04,AA
1287,30-Dec-00,BB
1287,21-May-01,D
1287,30-May-01,CCC
1287,21-May-02,NR
1288,21-Oct-04,BBB
1289,30-Oct-99,AAA
1290,30-Oct-99,A
1290,30-Dec-99,A
1290,21-Jul-01,A
1291,21-Sep-00,AA
1291,30-Dec-02,A
1291,30-Dec-04,AA
1292,21-Oct-02,A
1293,30-Dec-00,A
1293,30-Nov-01,A
1293,21-Aug-02,A
1294,21-May-99,A
1294,30-Aug-01,A
1294,30-Dec-01,A
1294,21-May-02,BBB
1294,30-Dec-03,BBB
1295,30-Dec-02,A
1296,30-May-02,A
1297,21-May-02,A
1297,30-Dec-02,BBB
1298,21-May-00,AA
1298,30-Dec-02,AAA
1299,30-Dec-02,AA
1300,21-Oct-99,BB
1300,30-Jun-01,BB
1300,22-May-03,NR
1301,27-Nov-99,A
1301,21-May-04,A
1302,21-Oct-00,A
1302,27-May-03,A
1303,21-May-01,A
1303,30-May-04,A
1304,30-Aug-99,NR
1305,21-May-00,A
1305,30-Dec-03,B
1306,30-Aug-99,BB
1306,30-Dec-99,B
1306,21-May-03,B
1307,30-Sep-04,NR
1308,30-Sep-99,AA
1308,30-Dec-99,NR
1309,21-May-00,A
1309,30-May-04,A
1310,28-May-03,A
1310,30-Dec-04,AA
1311,30-Sep-01,BB
1311,30-Dec-02,B
1311,27-May-05,B
1312,30-Jul-02,A
1313,30-Dec-01,A
1313,30-Dec-02,NR
1314,21-May-02,A
1314,30-Dec-05,BBB
1315,21-May-99,AA
1315,21-May-01,AA
1315,21-Aug-02,AA
1315,27-May-03,NR
1316,21-Jun-03,B
1316,30-Dec-03,BB
1316,30-May-04,B
1317,30-May-00,A
1318,21-May-02,A
1319,30-Dec-99,NR
1320,30-May-01,CCC
1320,30-Aug-02,D
1320,30-Dec-02,NR
1321,21-Sep-01,AA
1322,30-May-03,AA
1323,30-Aug-99,A
1323,21-Nov-04,A
1324,21-Jul-01,AA
1325,21-Jul-01,AA
1325,30-Aug-02,NR
1326,30-Oct-99,A
1326,30-May-01,A
1326,30-May-02,BBB
1326,30-Dec-03,BBB
1327,21-May-99,BBB
1327,21-May-02,BBB
1327,30-Dec-04,BBB
1328,29-Oct-02,NR
1329,30-Dec-99,B
1329,30-Aug-00,CCC
1329,21-May-01,NR
1330,30-Dec-99,BBB
1330,21-May-02,B
1330,30-Aug-02,BB
1331,30-Oct-04,AA
1332,30-May-01,NR
1333,30-Dec-99,BB
1333,30-May-00,BB
1334,30-Jun-02,NR
1335,30-Dec-02,AA
1335,30-Dec-04,A
1336,24-Aug-02,AA
1337,30-Dec-03,A
1338,30-Nov-04,BBB
1338,30-Dec-04,NR
1339,21-May-00,BBB
1340,30-Dec-02,NR
1341,30-Dec-02,BBB
1341,30-Sep-05,BBB
1342,30-May-00,A
1342,30-May-02,A
1342,30-May-04,BBB
1343,21-May-99,B
1343,30-Dec-03,NR
1344,30-Dec-99,B
1344,30-Nov-03,CCC
1344,30-Dec-05,D
1345,30-Aug-03,NR
1346,30-Dec-99,BBB
1346,30-May-04,BBB
1347,21-May-99,BB
1347,21-Aug-99,B
1347,21-May-02,B
1347,30-Dec-03,NR
1348,21-Nov-00,AA
1348,30-Dec-02,AA
1349,30-May-99,BB
1349,30-Oct-02,B
1349,21-May-05,BB
1350,30-Sep-99,BBB
1350,30-May-01,BBB
1350,30-Oct-02,BB
1350,30-May-04,BBB
1350,21-May-05,NR
1351,21-May-99,BB
1351,30-Dec-01,BBB
1351,30-Nov-04,BBB
1352,30-Nov-99,BB
1352,23-Sep-01,BBB
1352,21-May-04,BBB
1353,21-Dec-04,BBB
1354,21-Oct-00,BBB
1354,30-Oct-04,A
1355,21-Nov-04,A
1356,30-Dec-01,B
1356,30-May-03,NR
1357,30-Aug-99,NR
1358,21-May-99,BBB
1358,30-Dec-00,BBB
1358,30-May-02,NR
1359,30-Dec-99,BBB
1359,21-May-00,BBB
1359,30-Dec-01,BBB
1359,30-Oct-03,BBB
1359,21-May-04,BBB
1360,21-May-99,BB
1360,30-May-01,BBB
1360,30-Sep-04,BBB
1361,30-Dec-01,A
1361,30-Dec-02,BBB
1361,21-May-03,BBB
1361,21-May-03,BB
1361,21-Sep-03,BB
1361,30-Sep-03,BBB
1361,21-Oct-04,BBB
1361,30-Oct-04,B
1361,30-May-05,NR
1362,30-Oct-99,BBB
1362,30-Dec-03,BBB
1363,30-Dec-01,BBB
1363,21-May-02,BBB
1364,30-Aug-05,AA
1365,21-May-02,BBB
1366,21-Aug-04,AA
1367,30-Sep-01,BBB
1368,21-May-01,BBB
1369,30-Dec-04,A
1369,30-May-05,NR
1370,30-Jul-99,BBB
1370,21-Jul-00,BBB
1371,30-Dec-01,NR
1372,21-Dec-04,NR
1373,21-May-99,CCC
1373,30-May-01,NR
1374,21-May-99,BB
1374,30-Oct-00,BB
1374,30-May-01,BBB
1374,21-Nov-01,BBB
1374,30-May-05,BBB
1375,30-Dec-02,A
1376,21-Aug-02,AAA
1377,21-May-03,A
1378,30-Dec-01,A
1379,23-May-02,BBB
1380,23-May-00,A
1380,30-May-01,BBB
1380,30-May-01,B
1380,24-Aug-01,BBB
1380,21-Oct-01,B
1380,30-Dec-02,BBB
1380,30-Dec-02,BBB
1380,30-May-05,A
1381,30-May-00,BBB
1381,21-Aug-01,B
1381,22-Sep-01,D
1381,21-Oct-01,BBB
1381,30-Dec-01,BBB
1381,30-Dec-03,NR
1382,21-Nov-01,BBB
1382,21-Jun-02,BB
1383,30-May-02,BBB
1383,30-Dec-02,A
1383,21-May-04,A
1384,30-Dec-02,A
1384,30-Dec-02,BBB
1384,30-Sep-04,A
1385,26-May-01,A
1385,21-Jun-01,BBB
1385,30-Dec-01,BBB
1385,30-May-02,B
1385,21-Oct-02,CCC
1385,30-Dec-02,BBB
1385,30-Dec-02,BB
1386,30-Dec-04,BBB
1387,21-Jun-01,BB
1387,30-May-03,CCC
1388,21-May-00,AA
1388,30-Dec-03,AA
1389,30-Dec-00,A
1390,21-May-02,BBB
1390,30-Dec-02,B
1390,30-Dec-03,B
1390,30-Jul-04,BB
1391,21-May-02,BBB
1391,30-May-02,BB
1391,30-Sep-02,BBB
1392,21-Jun-99,BB
1392,30-Jul-99,CCC
1392,21-Aug-99,B
1392,30-Oct-00,NR
1393,30-Sep-00,AA
1394,21-Aug-02,A
1394,30-May-03,NR
1395,21-Nov-01,BBB
1395,30-Dec-02,BB
1395,21-May-03,CCC
1395,21-May-03,D
1395,21-Oct-03,NR
1396,21-May-04,AA
1397,21-Nov-02,A
1398,21-Nov-02,A
1398,30-May-05,NR
1399,21-Jun-01,BBB
1399,21-Jul-03,BBB
1400,21-May-03,BB
1401,30-Dec-99,B
1401,30-May-00,A
1401,30-May-01,A
1401,21-Oct-01,BBB
1401,21-May-02,BBB
1401,30-Sep-02,BB
1402,21-Jul-99,B
1402,27-Jul-99,BB
1402,30-May-00,CCC
1402,30-Dec-02,D
1402,30-Dec-02,NR
1403,30-Dec-01,BB
1403,21-May-02,B
1403,30-May-02,CCC
1403,30-May-02,CCC
1403,30-Oct-02,CCC
1403,30-Nov-02,B
1403,30-Dec-02,D
1403,30-Oct-04,CCC
1403,30-Nov-05,B
1404,21-May-99,B
1404,30-May-99,B
1404,30-Sep-02,B
1404,30-Dec-02,CCC
1404,30-Nov-03,CCC
1404,30-Oct-04,NR
1405,23-Jul-99,AA
1405,21-May-03,AA
1406,30-Dec-01,A
1407,21-Oct-00,AA
1407,30-May-03,AA
1408,21-May-02,B
1409,21-May-01,AA
1409,30-Oct-02,AA
1410,30-Sep-01,AA
1411,30-Oct-02,B
1411,30-Dec-04,BB
1412,30-May-99,BBB
1412,30-Dec-01,BBB
1413,21-May-00,BBB
1413,21-May-04,BBB
1413,30-May-04,BB
1413,30-Nov-05,BBB
1414,30-Dec-99,BBB
1415,21-May-99,BB
1415,30-Sep-03,B
1416,26-Dec-04,A
1417,29-Jul-03,B
1418,24-May-02,AA
1419,30-May-01,AA
1419,30-Oct-02,BBB
1419,30-Dec-02,A
1419,30-Dec-02,BBB
1419,30-Dec-02,BB
1419,30-Dec-02,B
1419,27-May-04,BB
1420,30-Dec-99,A
1421,30-May-03,NR
1422,30-Dec-99,A
1422,21-May-00,NR
1423,21-May-00,NR
1424,30-Dec-00,CCC
1424,30-Dec-00,D
1424,21-Oct-01,NR
1425,30-May-00,A
1425,21-May-02,BBB
1426,30-May-03,NR
1427,21-Oct-00,B
1427,30-Dec-01,B
1427,30-Jun-04,CCC
1427,30-Dec-04,B
1428,30-Dec-00,BB
1428,30-Dec-00,D
1429,30-May-03,BB
1430,21-May-03,A
1431,25-May-01,BBB
1431,30-Jul-01,CCC
1431,22-Dec-03,BB
1431,30-Dec-03,B
1431,21-May-04,BBB
1431,21-May-05,BBB
1432,30-May-01,BBB
1432,30-May-02,BBB
1432,30-May-02,BB
1432,30-May-02,B
1432,21-Sep-02,BBB
1432,30-Dec-03,B
1432,28-May-04,BB
1432,24-Aug-04,A
1433,30-May-02,NR
1434,30-May-02,BBB
1434,21-Jul-02,BB
1434,30-Sep-02,BBB
1434,30-Oct-02,A
1435,21-Nov-01,BBB
1436,30-Aug-00,NR
1437,30-Dec-99,AA
1437,30-Jul-03,A
1437,21-Sep-04,A
1438,21-Sep-00,BBB
1439,30-May-99,B
1439,30-May-99,B
1439,21-May-00,BB
1439,30-Sep-00,B
1439,22-May-01,BB
1440,21-Jul-00,CCC
1440,30-May-01,D
1440,21-Oct-01,NR
1441,27-Jul-00,AA
1441,30-Dec-01,AA
1442,30-Dec-01,A
1442,30-Sep-02,BBB
1442,21-May-04,BBB
1443,30-Dec-02,BBB
1444,21-May-99,BBB
1444,21-May-02,BB
1444,28-May-03,BBB
1445,30-May-99,A
1445,30-Nov-00,AA
1446,30-May-00,CCC
1446,30-Jul-00,CCC
1446,21-May-01,NR
1447,30-Aug-01,NR
1448,21-Jul-99,CCC
1448,30-Jun-04,B
1449,30-May-00,BBB
1449,30-Oct-02,BBB
1449,30-Dec-02,NR
1450,30-Aug-04,NR
1451,30-Dec-99,B
1451,21-May-01,B
1451,21-May-02,CCC
1451,30-May-04,NR
1452,23-May-01,A
1452,21-May-04,A
1453,30-Jul-03,NR
1454,30-May-03,D
1454,30-Dec-03,CCC
1454,30-May-04,NR
1455,21-May-00,NR
1456,30-Nov-99,A
1456,30-Dec-01,BBB
1457,30-Dec-99,A
1457,30-May-00,BBB
1457,21-Oct-00,BBB
1457,21-May-01,BB
1457,24-May-02,BB
1457,30-May-04,BB
1457,21-May-05,BB
1458,30-Oct-99,A
1458,21-May-04,BBB
1459,21-Dec-99,AAA
1459,21-Jul-03,NR
1460,30-Dec-99,BBB
1460,21-May-02,BBB
1460,23-Oct-02,NR
1461,30-May-03,BBB
1462,21-Aug-00,BBB
1463,21-Jun-00,A
1464,30-May-99,BB
1464,21-Aug-99,BBB
1464,21-Jun-00,BBB
1464,23-Sep-01,BBB
1465,21-Oct-99,BBB
1465,30-Nov-01,BBB
1466,30-May-99,BBB
1467,21-May-00,A
1467,21-Jun-02,A
1468,30-Jun-99,BBB
1468,30-Nov-00,BB
1468,30-Dec-00,BB
1468,30-Jun-01,B
1468,30-Nov-02,B
1469,30-May-01,AA
1470,30-Dec-03,NR
1471,30-Oct-04,AA
1472,30-Dec-99,BB
1472,21-Aug-00,B
1473,30-Aug-03,A
1474,30-Dec-00,NR
1475,30-Oct-00,AA
1475,30-May-02,AAA
1475,21-May-03,NR
1476,21-Aug-00,B
1476,30-Dec-01,BB
1476,30-Dec-02,BB
1476,21-Jun-04,BB
1477,30-May-99,A
1477,27-Jun-01,BBB
1477,30-Jun-01,BBB
1477,30-Oct-05,BBB
1478,28-May-99,NR
1479,30-May-99,BBB
1479,30-Oct-05,BBB
1480,24-May-01,A
1481,21-May-99,AA
1481,21-May-02,NR
1482,30-May-03,BBB
1482,30-Nov-03,BBB
1483,30-Dec-01,NR
1484,21-May-03,BBB
1484,30-May-03,BBB
1485,30-Aug-04,BB
1485,21-May-05,B
1486,30-Oct-00,BBB
1486,30-Dec-01,A
1487,30-Nov-03,B
1488,30-Dec-02,BBB
1489,21-Oct-99,B
1489,30-May-01,CCC
1489,21-Jul-02,D
1489,21-May-04,NR
1490,30-Dec-03,A
1491,30-May-99,BB
1491,30-Sep-99,BB
1491,30-May-03,B
1491,30-Oct-05,BB
1492,21-Aug-99,NR
1493,21-May-01,BBB
1494,30-Sep-00,AA
1495,30-Dec-03,BB
1496,21-Jul-01,NR
1497,30-May-04,B
1498,30-May-01,BB
1499,30-Dec-99,BBB
1499,30-Dec-02,A
1500,21-May-99,BB
1500,21-May-01,B
1500,30-Dec-01,CCC
1500,30-Dec-03,NR
1501,29-May-02,BB
1501,30-May-03,BB
1502,30-May-01,BBB
1502,22-May-02,BBB
1503,30-Aug-04,CCC
1504,30-May-00,AA
1505,30-Dec-03,A
1506,30-Oct-01,BBB
1506,30-Dec-04,BB
1507,30-Jun-02,BBB
1507,21-Nov-02,BB
1508,30-May-00,A
1508,30-Dec-02,BBB
1508,21-Sep-03,BBB
1509,21-Sep-03,BBB
1510,21-May-05,B
1511,30-Oct-01,A
1512,21-Jul-03,NR
1513,21-May-02,NR
1514,30-Dec-00,BBB
1514,30-Dec-02,BB
1514,30-Dec-02,B
1514,30-May-04,B
1515,30-May-99,BB
1515,21-Jul-00,NR
1516,30-May-03,NR
1517,21-Dec-03,AA
1518,30-May-01,AA
1519,21-May-03,A
1520,21-Jun-04,NR
1521,30-May-01,BBB
1521,30-Dec-01,BBB
1521,30-Oct-02,BBB
1521,30-May-03,BB
1521,21-Jun-04,A
1522,30-May-05,AA
1523,30-May-04,A
1524,30-May-04,A
1525,30-May-04,BBB
1526,21-Jun-02,BBB
1526,21-May-04,BBB
1527,30-May-01,CCC
1527,21-Aug-04,CCC
1527,30-Dec-04,NR
1528,21-May-99,BBB
1528,30-May-00,BBB
1529,30-Oct-01,BBB
1529,30-Oct-02,BB
1530,21-May-00,BB
1530,30-Sep-01,BB
1530,30-Dec-01,BBB
1531,24-Aug-99,BBB
1531,30-Oct-04,BBB
1532,21-May-03,BBB
1533,30-Dec-02,BBB
1534,30-Aug-99,BBB
1534,21-May-00,A
1534,30-May-04,A
1535,21-May-99,NR
1536,30-Oct-00,A
1536,30-May-02,A
1537,30-Nov-04,NR
1538,30-Dec-00,A
1538,30-Dec-01,A
1539,30-Dec-02,BB
1540,28-May-01,A
1541,21-Jul-02,AAA
1542,21-May-00,A
1542,30-Dec-01,AAA
1542,30-Dec-02,NR
1543,30-Dec-99,BBB
1543,30-Nov-01,BBB
1544,30-May-00,A
1544,21-May-04,A
1545,30-Aug-00,NR
1546,23-May-99,B
1546,30-Dec-99,BB
1546,30-May-00,NR
1547,30-Aug-00,BBB
1547,21-May-03,NR
1548,21-May-00,AA
1548,21-May-02,A
1549,30-Dec-03,BB
1549,30-Dec-03,B
1550,30-Dec-03,A
1550,21-Sep-04,A
1551,30-May-01,BBB
1551,30-Oct-03,NR
1552,21-May-00,BB
1552,21-Jul-00,CCC
1552,30-Dec-00,D
1552,30-Dec-00,CCC
1552,21-Oct-03,NR
1553,30-May-99,BBB
1553,21-Sep-04,BBB
1554,30-Dec-02,NR
1555,30-Dec-04,AA
1556,24-May-99,NR
1557,30-May-04,NR
1558,30-May-99,B
1558,30-Aug-00,CCC
1558,30-Jun-01,CCC
1558,30-Aug-01,CCC
1558,25-May-02,D
1558,21-May-04,CCC
1558,30-Dec-04,CCC
1559,21-May-00,A
1559,26-May-01,A
1559,30-Dec-02,A
1559,30-May-03,NR
1560,21-Nov-00,NR
1561,30-May-00,A
1561,21-Oct-01,A
1561,30-Oct-01,A
1561,30-Oct-04,NR
1562,24-Jun-00,BB
1562,30-Dec-04,BB
1562,30-Aug-05,BB
1563,21-Jul-99,B
1563,21-Sep-99,BBB
1563,30-Dec-99,BB
1563,30-May-00,B
1563,30-May-00,CCC
1563,30-Dec-00,CCC
1563,21-Jun-01,CCC
1563,30-Dec-03,CCC
1563,24-May-04,CCC
1564,30-Jun-01,A
1564,30-Nov-03,NR
1565,23-May-01,AA
1565,30-May-01,AA
1566,30-Nov-02,BBB
1566,21-May-05,BBB
1567,30-May-00,BBB
1567,21-May-03,NR
1568,30-Dec-99,BB
1568,21-Sep-01,B
1568,21-Nov-01,D
1568,30-May-02,NR
1569,26-May-99,A
1570,30-Dec-01,A
1570,27-Aug-03,A
1571,30-Sep-99,A
1572,24-May-02,BBB
1572,21-May-03,NR
1573,30-Jul-02,BBB
1574,30-Dec-01,A
1574,21-May-02,BBB
1574,30-Dec-03,BBB
1575,30-Aug-99,CCC
1575,30-May-01,B
1575,30-Jul-02,B
1575,30-Aug-03,BB
1575,21-May-05,BB
1576,21-May-01,BBB
1576,21-Nov-04,BB
1577,21-Nov-99,NR
1578,21-May-00,AA
1578,30-Dec-01,AA
1579,23-May-00,AA
1580,30-Sep-99,NR
1581,30-May-01,A
1581,30-Jun-01,A
1581,21-Sep-02,BBB
1581,21-Sep-02,BB
1581,30-Dec-03,NR
1582,21-Nov-04,BBB
1583,30-Dec-99,BB
1583,30-Dec-00,A
1584,30-May-01,AA
1584,21-Jun-04,NR
1585,30-Jul-01,BB
1586,21-May-01,BBB
1586,28-May-01,CCC
1586,30-Aug-02,BB
1586,21-Jul-03,BBB
1586,30-Dec-03,NR
1587,21-Oct-01,NR
1588,24-May-99,NR
1589,30-Aug-99,AA
1589,30-Jun-00,AA
1589,21-Oct-00,A
1589,30-May-01,A
1589,30-Jun-01,A
1589,30-May-04,BBB
1590,30-Dec-01,A
1590,30-Dec-03,A
1591,30-Nov-99,B
1591,30-Dec-99,B
1591,24-Aug-01,CCC
1591,30-Dec-03,B
1591,30-Dec-04,B
1592,30-Dec-99,BBB
1592,30-May-01,BBB
1592,30-May-02,BBB
1592,26-May-03,A
1592,30-May-03,NR
1593,30-Dec-99,A
1593,21-Jul-02,A
1594,30-Dec-04,NR
1595,30-Dec-02,A
1595,30-Dec-03,AA
1596,29-May-99,A
1596,21-Jun-99,A
1596,30-Dec-01,A
1597,21-May-99,A
1597,24-May-99,A
1597,30-Dec-01,AA
1597,28-May-04,NR
1598,26-May-99,A
1598,30-Dec-99,A
1598,30-Dec-04,A
1599,30-Dec-00,A
1600,30-Jun-99,BB
1600,30-May-03,BBB
1601,21-Jul-99,BB
1602,30-Jul-04,B
1603,30-May-04,NR
1604,30-Jun-03,A
1604,21-May-04,BBB
1605,30-Dec-01,AA
1605,30-Jun-02,A
1606,21-Jul-01,A
1606,21-Dec-02,A
1607,30-May-05,BBB
1608,21-May-03,AA
1609,21-Jul-99,D
1609,30-May-01,NR
1610,21-Nov-02,B
1610,21-Jun-03,B
1611,30-May-04,NR
1612,30-Dec-00,BB
1612,30-Aug-02,BB
1612,30-May-03,NR
1613,21-May-03,A
1613,30-Nov-03,NR
1614,30-May-01,BBB
1614,30-May-02,NR
1615,30-Aug-01,BBB
1615,30-May-02,BBB
1615,30-May-02,BB
1616,21-Oct-02,A
1616,22-May-05,NR
1617,30-Sep-01,BBB
1618,30-Dec-02,BBB
1618,21-Sep-04,BBB
1618,30-Sep-05,BB
1619,21-Nov-99,A
1619,21-May-02,BBB
1619,30-Dec-04,BBB
1619,27-May-05,BB
1620,21-Aug-04,A
1621,30-Dec-03,AA
1622,30-Dec-01,BB
1622,30-Dec-03,B
1623,21-Jul-99,BBB
1623,26-May-00,BB
1623,30-May-00,BB
1623,30-Dec-00,B
1623,21-Oct-04,BB
1624,30-Sep-99,CCC
1624,21-May-00,NR
1625,21-Jun-99,A
1625,21-Sep-00,A
1625,30-Dec-03,AA
1626,30-May-99,A
1626,28-Aug-00,A
1626,30-Dec-03,A
1627,30-Oct-01,NR
1628,21-May-04,AA
1629,29-May-02,A
1629,30-Dec-02,A
1630,30-Dec-99,B
1630,30-Dec-04,BB
1631,30-Dec-04,BBB
1631,30-Dec-04,NR
1632,30-May-99,BBB
1632,21-May-00,NR
1633,30-Dec-02,A
1634,30-Nov-99,B
1634,30-May-00,CCC
1634,30-Dec-01,NR
1635,21-May-99,AA
1636,21-May-02,BB
1636,30-May-02,B
1637,30-May-01,D
1637,30-Oct-01,B
1637,30-May-04,CCC
1638,22-May-03,A
1638,30-Sep-04,AA
1639,21-Aug-00,A
1639,25-Jun-03,A
1640,30-Jul-05,AA
1641,21-Aug-01,AA
1641,30-Aug-05,AA
1642,21-May-05,AA
1643,25-May-02,AAA
1644,30-Dec-01,A
1645,30-Dec-99,NR
1646,21-May-01,A
1647,30-Dec-04,A
1648,28-May-01,BB
1648,21-May-03,BB
1648,30-Dec-04,BBB
1649,30-Dec-01,BBB
1650,30-Dec-03,AA
1650,30-Dec-04,AAA
1651,30-May-02,A
1652,21-Oct-00,A
1652,21-Aug-02,AA
1653,30-Jun-00,AA
1653,30-May-03,AA
1653,21-Jul-04,A
1654,30-Dec-00,BB
1654,21-May-05,BBB
1655,30-May-99,NR
1656,30-May-01,BBB
1656,30-May-02,BBB
1656,28-May-03,BB
1657,30-May-02,A
1657,21-Jul-04,AA
1658,30-Dec-01,BBB
1659,30-May-00,AA
1659,30-May-03,AA
1659,30-May-04,A
1660,30-May-01,CCC
1660,21-May-02,BB
1660,25-Nov-03,BBB
1660,30-May-04,BBB
1661,30-Dec-01,NR
1662,21-Sep-00,A
1662,21-Oct-02,BBB
1663,30-May-01,A
1664,30-Jun-99,A
1664,21-Oct-99,BBB
1664,30-Dec-02,BBB
1664,30-Nov-03,B
1665,21-Nov-99,BBB
1665,21-Sep-02,BBB
1665,30-Dec-02,BB
1665,21-May-03,CCC
1666,30-Dec-99,AA
1666,30-Jun-03,AA
1666,30-May-04,A
1666,21-Jul-04,A
1667,30-May-99,AA
1667,21-May-03,A
1667,21-May-04,A
1668,30-Dec-03,A
1669,30-Dec-04,B
1670,21-Sep-99,BBB
1670,30-May-02,BBB
1671,21-Sep-99,BB
1671,30-Oct-00,BBB
1671,21-May-02,BBB
1672,30-Dec-00,BBB
1672,21-May-01,BBB
1672,30-Dec-02,BB
1672,30-Nov-03,B
1672,30-May-04,B
1673,30-Jul-99,A
1674,30-Jul-99,NR
1675,22-May-02,A
1675,21-Nov-04,NR
1676,30-Dec-99,AA
1676,21-May-03,A
1676,21-Jun-04,A
1677,30-Dec-99,AA
1677,30-Aug-03,A
1677,21-Jun-04,A
1678,21-May-99,A
1679,30-Jun-99,AA
1679,21-May-03,AA
1679,21-Jun-04,A
1679,30-Dec-04,A
1680,21-Jun-00,A
1680,30-May-03,BBB
1681,30-Jul-01,BBB
1681,30-May-02,BB
1682,21-Aug-00,BBB
1682,21-May-02,BB
1682,30-May-02,B
1682,30-May-02,B
1682,21-Jul-04,B
1683,21-May-99,CCC
1683,30-May-00,NR
1684,30-Dec-00,A
1684,30-Dec-02,BBB
1685,30-Dec-99,BB
1685,30-Sep-00,BBB
1685,30-Oct-02,BBB
1685,30-May-05,BBB
1686,30-Dec-01,AAA
1687,30-Dec-00,AA
1688,30-Jul-00,A
1689,30-May-04,A
1690,21-May-99,AA
1691,30-May-01,A
1691,30-Jun-04,A
1692,30-Jul-99,A
1692,30-Dec-01,A
1692,21-Oct-04,AA
1693,21-May-99,A
1693,30-Aug-99,A
1693,30-Nov-00,NR
1694,30-Dec-00,BBB
1694,21-May-02,BBB
1694,21-May-02,BB
1694,21-May-02,BB
1694,30-Dec-03,BB
1694,30-Dec-03,NR
1695,21-May-00,A
1695,21-May-03,NR
1696,30-Dec-99,BBB
1696,21-Oct-03,BBB
1696,24-Sep-04,NR
1697,30-Dec-02,A
1698,24-Aug-01,NR
1699,30-Sep-04,BBB
1699,30-Dec-05,BBB
1700,30-Dec-99,B
1700,30-May-02,B
1701,30-Dec-99,A
1701,30-Nov-01,A
1702,21-Jun-01,NR
1703,21-Jun-02,A
1704,30-May-99,BB
1704,30-Dec-99,BB
1704,21-Nov-03,B
1705,30-May-01,A
1705,21-Sep-04,NR
1706,21-May-00,A
1706,30-May-02,AA
1707,30-Dec-02,AAA
1708,21-May-01,A
1709,21-May-99,CCC
1709,21-Sep-99,CCC
1709,30-Dec-01,D
1710,30-Dec-02,A
1711,30-May-00,A
1712,30-Dec-02,A
1712,30-Dec-03,BBB
1712,30-Dec-03,NR
1713,30-May-01,AA
1713,21-Sep-01,A
1713,21-May-02,A
1713,30-May-02,BB
1713,21-Aug-02,B
1713,30-Sep-02,BBB
1713,30-Dec-02,BBB
1713,30-Dec-04,BB
1714,30-Dec-00,BBB
1714,30-Dec-01,BBB
1714,23-Aug-04,BBB
1715,21-May-99,A
1715,30-Dec-04,A
1716,30-Jun-99,BBB
1716,21-Aug-00,NR
1717,30-Dec-01,NR
1718,21-Aug-99,NR
1719,30-Dec-04,A
1720,21-May-05,A
1721,21-May-05,A
1722,30-May-99,A
1723,24-May-99,A
1723,21-Nov-04,A
1724,30-Dec-02,AA
1724,27-May-04,NR
1725,30-Nov-04,BB
1726,30-Jul-03,BBB
1726,30-Dec-04,A
1727,21-May-02,AA
1728,21-Aug-99,B
1728,30-Oct-99,BB
1728,30-Dec-99,BB
1728,30-Sep-04,BB
1729,21-Oct-00,AA
1730,30-Jun-02,A
1730,30-Dec-03,A
1731,21-Sep-99,A
1731,21-Oct-02,NR
1732,30-Dec-99,CCC
1732,30-Dec-00,D
1733,21-Dec-00,BB
1733,30-Dec-03,NR
1734,30-Oct-00,BBB
1734,21-Jul-03,BBB
1734,30-Dec-04,BBB
1735,30-Dec-99,CCC
1735,21-May-02,B
1735,21-Sep-04,B
1735,21-Nov-04,B
1736,30-May-99,AA
1736,30-May-02,AAA
1737,24-Jul-99,AA
1737,21-May-00,AA
1737,21-May-03,AA
1738,30-Dec-01,AA
1738,30-Oct-04,AA
1739,21-Jul-04,CCC
1739,21-Aug-04,NR
1740,30-Dec-04,BBB
1741,21-Aug-02,A
1741,30-Oct-03,BBB
1741,21-May-04,BBB
1742,30-Sep-01,A
1742,30-Dec-02,BBB
1742,28-May-04,BB
1743,28-May-03,NR
1744,30-Aug-99,A
1744,30-Dec-02,A
1745,30-Aug-99,A
1745,30-Dec-00,A
1745,30-May-01,BBB
1745,21-Jul-01,BBB
1745,30-Dec-02,BBB
1745,30-May-05,BBB
1746,30-Nov-00,A
1746,30-May-03,BBB
1747,30-May-99,B
1747,30-Jun-03,NR
1748,30-Oct-99,BBB
1748,28-May-02,BBB
1749,21-May-01,A
1749,21-Jul-01,BBB
1749,21-May-02,BBB
1749,21-May-02,BBB
1749,30-May-02,BB
1749,28-Oct-04,BB
1749,21-May-05,BB
1749,21-May-05,BBB
1750,30-Dec-99,BBB
1750,21-Jun-02,BB
1750,30-Aug-03,B
1751,21-May-03,NR
1752,30-Dec-99,BB
1752,30-May-02,B
1752,30-Dec-02,B
1753,30-May-01,AA
1754,21-Oct-00,A
1755,21-Aug-01,AA
1756,30-Jun-99,BB
1756,21-Nov-01,BBB
1756,25-May-04,BBB
1757,30-Oct-01,AA
1757,28-May-03,A
1757,30-May-03,BBB
1757,30-Nov-04,A
1758,23-Dec-02,BBB
1758,30-Dec-03,BBB
1759,21-May-00,A
1760,21-May-02,BB
1760,30-May-02,BBB
1760,21-May-03,BBB
1761,21-Nov-02,BB
1761,21-Jun-03,B
1761,30-Nov-03,B
1761,30-Nov-03,B
1762,21-Nov-00,A
1763,21-Oct-02,BB
1764,30-Dec-02,BBB
1765,30-Dec-99,B
1765,30-Aug-00,B
1765,30-Dec-00,NR
1766,21-May-99,A
1766,30-Jul-01,A
1767,30-Oct-00,BBB
1767,30-Dec-03,BBB
1768,30-Nov-99,NR
1769,21-Aug-03,BB
1770,30-Nov-01,BBB
1770,21-May-03,BBB
1770,21-Oct-04,BBB
1771,30-May-00,A
1772,30-Dec-04,BBB
1773,21-May-01,BBB
1773,30-May-03,BBB
1774,30-Nov-99,BBB
1774,30-Dec-00,A
1774,21-May-04,NR
1775,30-Jul-99,BBB
1775,30-Dec-00,A
1775,30-Dec-04,NR
1776,21-Sep-99,B
1776,30-Oct-99,B
1776,29-May-00,CCC
1776,21-May-01,CCC
1776,30-Oct-02,D
1776,21-Nov-02,NR
1777,22-Jul-03,NR
1778,30-May-99,A
1778,21-May-00,AA
1778,30-Dec-00,NR
1779,30-Dec-00,BB
1779,21-Jul-01,BBB
1780,30-Dec-99,BBB
1780,30-May-05,NR
1781,21-Jun-00,B
1782,21-Dec-04,A
1783,21-May-02,A
1784,21-Jul-03,NR
1785,30-Dec-01,BBB
1786,30-May-02,BBB
1786,30-May-02,BB
1786,30-Dec-02,B
1786,21-May-04,BB
1786,30-May-04,BB
1786,30-Dec-04,BBB
1787,30-Dec-99,A
1787,30-Jun-02,BBB
1788,30-Aug-01,BBB
1788,30-Dec-01,A
1788,30-Jul-04,BBB
1788,21-Aug-04,A
1788,30-Dec-04,A
1789,30-May-01,BBB
1789,30-May-04,A
1790,21-May-99,A
1790,21-Sep-04,A
1791,21-May-99,CCC
1791,30-Dec-00,CCC
1791,21-Oct-01,NR
1792,30-Aug-00,A
1792,21-Oct-01,BBB
1792,28-May-02,BBB
1792,21-May-04,BB
1793,30-May-03,AAA
1794,25-May-03,AAA
1795,30-May-03,AAA
1796,30-Dec-01,AA
1796,21-May-04,NR
1797,30-Dec-99,A
1797,30-Oct-00,A
1797,30-Dec-02,AA
1797,30-Dec-03,NR
1798,30-May-05,AA
1798,30-Nov-05,AA
1799,28-May-01,CCC
1799,21-Jun-03,NR
1800,30-May-99,A
1800,30-Dec-02,A
1801,21-May-04,A
1802,30-May-02,CCC
1802,30-Dec-02,BBB
1802,30-Dec-02,B
1802,21-Jul-03,B
1802,30-Dec-03,B
1803,21-Jun-99,BB
1803,30-Dec-99,B
1803,21-May-01,B
1803,21-Jul-03,CCC
1804,21-May-02,BB
1804,30-May-02,BBB
1804,21-Oct-02,B
1804,21-May-03,B
1804,21-Oct-04,BB
1805,30-May-00,B
1805,30-Nov-02,CCC
1805,30-May-03,D
1805,30-Dec-03,CCC
1805,30-May-04,CCC
1805,21-Aug-04,CCC
1806,30-Dec-99,BBB
1807,30-May-00,CCC
1808,30-Dec-04,B
1809,30-Nov-02,B
1809,25-May-03,CCC
1810,21-May-99,BB
1810,30-Dec-02,B
1810,21-May-04,BB
1811,21-May-00,NR
1812,21-Jul-99,B
1812,21-May-01,B
1812,30-Dec-02,NR
1813,30-Dec-02,A
1814,21-Oct-00,AA
1815,30-Dec-02,A
1816,21-Oct-01,BB
1816,30-Dec-03,BB
1817,21-Jul-00,NR
1818,21-May-02,AA
1819,21-May-99,BBB
1819,21-May-01,BBB
1819,21-Nov-02,BBB
1819,30-Dec-04,BBB
1820,21-May-01,NR
1821,21-May-05,BB
1822,30-Dec-00,BBB
1823,30-May-02,BBB
1823,30-May-02,BB
1823,30-Oct-02,BBB
1823,30-Dec-04,BBB
1824,25-May-01,AA
1825,21-Jun-01,AA
1825,30-Dec-02,NR
1826,30-Sep-05,AA
1827,30-Dec-00,NR
1828,21-Oct-99,BBB
1828,30-Dec-00,NR
1829,30-Dec-99,AA
1829,30-Aug-00,NR
